snapshot_date,store_id,product_id,on_hand_quantity,reorder_point,safety_stock
1/1/2016 0:00,STOR-0001,PROD-0001,102,177,30
1/1/2016 0:00,STOR-0001,PROD-0002,435,139,43
1/1/2016 0:00,STOR-0001,PROD-0003,860,31,63
1/1/2016 0:00,STOR-0001,PROD-0004,270,30,33
1/1/2016 0:00,STOR-0001,PROD-0005,106,71,89
1/1/2016 0:00,STOR-0001,PROD-0006,71,170,45
1/1/2016 0:00,STOR-0001,PROD-0007,700,127,24
1/1/2016 0:00,STOR-0001,PROD-0008,20,147,33
1/1/2016 0:00,STOR-0001,PROD-0009,614,134,70
1/1/2016 0:00,STOR-0001,PROD-0010,121,16,58
1/1/2016 0:00,STOR-0001,PROD-0011,466,175,5
1/1/2016 0:00,STOR-0001,PROD-0012,214,145,41
1/1/2016 0:00,STOR-0001,PROD-0013,330,99,45
1/1/2016 0:00,STOR-0001,PROD-0014,458,101,50
1/1/2016 0:00,STOR-0001,PROD-0015,87,132,12
1/1/2016 0:00,STOR-0001,PROD-0016,372,169,88
1/1/2016 0:00,STOR-0001,PROD-0017,99,45,45
1/1/2016 0:00,STOR-0001,PROD-0018,871,143,43
1/1/2016 0:00,STOR-0001,PROD-0019,663,77,24
1/1/2016 0:00,STOR-0001,PROD-0020,130,197,67
1/1/2016 0:00,STOR-0001,PROD-0021,661,195,100
1/1/2016 0:00,STOR-0001,PROD-0022,308,124,6
1/1/2016 0:00,STOR-0001,PROD-0023,769,144,37
1/1/2016 0:00,STOR-0001,PROD-0024,343,47,64
1/1/2016 0:00,STOR-0001,PROD-0025,491,103,26
1/1/2016 0:00,STOR-0001,PROD-0026,413,143,36
1/1/2016 0:00,STOR-0001,PROD-0027,805,45,68
1/1/2016 0:00,STOR-0001,PROD-0028,385,31,60
1/1/2016 0:00,STOR-0001,PROD-0029,191,194,87
1/1/2016 0:00,STOR-0001,PROD-0030,955,26,35
1/1/2016 0:00,STOR-0001,PROD-0031,276,104,22
1/1/2016 0:00,STOR-0001,PROD-0032,160,128,72
1/1/2016 0:00,STOR-0001,PROD-0033,459,27,50
1/1/2016 0:00,STOR-0001,PROD-0034,313,194,78
1/1/2016 0:00,STOR-0001,PROD-0035,21,62,27
1/1/2016 0:00,STOR-0001,PROD-0036,252,197,28
1/1/2016 0:00,STOR-0001,PROD-0037,747,77,35
1/1/2016 0:00,STOR-0001,PROD-0038,856,118,32
1/1/2016 0:00,STOR-0001,PROD-0039,560,92,40
1/1/2016 0:00,STOR-0001,PROD-0040,474,121,31
1/1/2016 0:00,STOR-0001,PROD-0041,58,137,97
1/1/2016 0:00,STOR-0001,PROD-0042,510,34,65
1/1/2016 0:00,STOR-0001,PROD-0043,681,85,75
1/1/2016 0:00,STOR-0001,PROD-0044,475,49,96
1/1/2016 0:00,STOR-0001,PROD-0045,699,167,85
1/1/2016 0:00,STOR-0001,PROD-0046,975,149,81
1/1/2016 0:00,STOR-0001,PROD-0047,782,72,67
1/1/2016 0:00,STOR-0001,PROD-0048,189,181,50
1/1/2016 0:00,STOR-0001,PROD-0049,957,34,18
1/1/2016 0:00,STOR-0001,PROD-0050,686,50,89
1/1/2016 0:00,STOR-0001,PROD-0051,957,109,100
1/1/2016 0:00,STOR-0001,PROD-0052,562,20,99
1/1/2016 0:00,STOR-0001,PROD-0053,875,36,46
1/1/2016 0:00,STOR-0001,PROD-0054,566,82,71
1/1/2016 0:00,STOR-0001,PROD-0055,243,86,86
1/1/2016 0:00,STOR-0001,PROD-0056,831,87,19
1/1/2016 0:00,STOR-0001,PROD-0057,504,147,69
1/1/2016 0:00,STOR-0001,PROD-0058,130,80,55
