movement_id,movement_date,store_id,product_id,movement_type,quantity,unit_cost_kes
MOV-00000001,3/4/2023,STOR-0029,PROD-0697,SALE,-16,1677.35
MOV-00000002,7/3/2018,STOR-0036,PROD-4876,SALE,-35,1469.08
MOV-00000003,12/22/2016,STOR-0038-DUP,PROD-3475,RECEIPT,57,1263.83
MOV-00000004,6/14/2018,STOR-0060,PROD-3091,SALE,-36,4817.59
MOV-00000005,3/25/2018,STOR-0140,PROD-2589,SALE,-38,1142.04
MOV-00000006,2/13/2019,STOR-0002,PROD-3757,SALE,-22,288.58
MOV-00000007,2/12/2019,STOR-0040,PROD-4502,TRANSFER_IN,53,9964.03
MOV-00000008,2/22/2017,STOR-0024,PROD-0683,RECEIPT,443,230.93
MOV-00000009,11/9/2019,STOR-0068,PROD-1625,SALE,-35,977.26
MOV-00000010,5/26/2017,STOR-0097,PROD-1979,SALE,-41,1199.48
MOV-00000011,12/8/2022,STOR-0093,PROD-3878,SALE,-5,677.51
MOV-00000012,7/6/2016,STOR-0059,PROD-0115,RETURN,-8,7857.65
MOV-00000013,9/19/2025,STOR-0026,PROD-0843,SALE,-41,1386.66
MOV-00000014,5/9/2025,STOR-0094,PROD-3289,SALE,-14,7924.47
MOV-00000015,7/8/2023,STOR-0069,PROD-0986,SALE,-11,14459.79
MOV-00000016,12/27/2021,STOR-0063,PROD-0468,SALE,-18,29641.66
MOV-00000017,3/6/2023,STOR-0143,PROD-2981,SALE,-50,115.3
MOV-00000018,9/13/2024,STOR-0015,PROD-2387,SALE,-21,12846.83
MOV-00000019,7/1/2020,STOR-0069,PROD-2057,SALE,-37,138.43
MOV-00000020,10/29/2025,STOR-0081,PROD-3279,SALE,-26,12087.52
MOV-00000021,12/2/2025,STOR-0118,PROD-3335,SALE,-16,249.43
MOV-00000022,5/9/2024,STOR-0144,PROD-3675,SALE,-38,328.75
MOV-00000023,10/20/2020,STOR-0150,PROD-3172,SALE,-9,155.74
