campaign_id,campaign_name,campaign_type,channel,start_date,end_date,budget_kes,actual_spend_kes,discount_rate
CMP-0001,Campaign_Tempore_2824,Loyalty,In-store,2016-01-04,2016-01-25,200000,169963,0.2
CMP-0002,Campaign_Culpa_2679,Grand Opening,Radio,2016-02-04,2016-03-09,5000,4963,0.05
CMP-0003,Campaign_Alias_2535,Seasonal,SMS,2016-03-18,2016-05-02,100000,76240,0.0
CMP-0004,Campaign_Harum_4257,Grand Opening,Email,2016-05-06,2016-06-10,25000,18080,0.15
CMP-0005,Campaign_Exercitationem_1106,Seasonal,Email,2016-06-18,2016-07-12,10000,9404,0.1
CMP-0006,Campaign_Et_6514,Loyalty,Radio,2016-07-19,2016-08-01,25000,17705,0.2
CMP-0007,Campaign_Deserunt_5333,Loyalty,Print,2016-08-11,2016-08-25,5000,5164,0.0
CMP-0008,Campaign_Corporis_5803,Grand Opening,Digital,2016-09-05,2016-09-24,5000,3863,0.0
CMP-0009,Campaign_Veritatis_1750,Grand Opening,SMS,2016-10-01,2016-10-13,5000,4108,0.05
CMP-0010,Campaign_Quisquam_7227,Promotion,Print,2016-10-19,2016-11-05,25000,21819,0.0
CMP-0011,Campaign_Commodi_4432,Grand Opening,In-store,2016-11-08,2016-12-23,10000,9447,0.0
CMP-0012,Campaign_Rerum_9751,Grand Opening,SMS,2016-12-28,2017-02-02,25000,20421,0.05
CMP-0013,Campaign_Nisi_4598,Grand Opening,Digital,2017-02-04,2017-02-25,25000,22060,0.1
CMP-0014,Campaign_Aliquid_7572,Promotion,Radio,2017-03-01,2017-04-13,25000,19496,0.05
CMP-0015,Campaign_Aliquam_4483,Grand Opening,Print,2017-04-22,2017-06-09,10000,9369,0.0
CMP-0016,Campaign_Consectetur_5339,Seasonal,,2017-06-19,2017-07-30,200000,188603,0.0
CMP-0017,Campaign_Esse_8019,Holiday,Email,2017-08-06,2017-08-27,100000,72602,0.15
CMP-0018,Campaign_Eveniet_9085,Loyalty,TV,2017-08-29,2017-09-14,10000,10862,0.15
CMP-0019,Campaign_Quae_7916,Holiday,,2017-09-23,2017-10-24,50000,41092,0.0
CMP-0020,Campaign_Sed_9669,Promotion,TV,2017-10-28,2017-12-17,25000,24342,0.05
CMP-0021,Campaign_Alias_6573,Loyalty,In-store,2017-12-26,2018-01-12,5000,3744,0.05
CMP-0022,Campaign_Ratione_5315,Holiday,Social Media,2018-01-22,2018-02-04,25000,17843,0.15
CMP-0023,Campaign_Eius_9317,Holiday,SMS,2018-02-09,2018-03-11,100000,80351,0.1
CMP-0024,Campaign_Totam_9689,Loyalty,Digital,2018-03-19,2018-03-27,25000,20617,0.05
CMP-0025,Campaign_Voluptates_6038,Seasonal,TV,2018-03-31,2018-05-13,5000,4593,0.0
CMP-0026,Campaign_Quisquam_8962,Loyalty,Social Media,2018-05-16,2018-07-04,100000,108783,0.1
CMP-0027,Campaign_Nihil_3705,Promotion,Email,2018-07-09,2018-08-19,200000,215159,0.15
CMP-0028,Campaign_Est_4295,Grand Opening,In-store,2018-08-28,2018-10-16,25000,23478,0.15
CMP-0029,Campaign_Occaecati_8177,Holiday,Print,2018-10-20,2018-11-11,5000,3676,0.0
CMP-0030,Campaign_Repudiandae_6539,Loyalty,SMS,2018-11-21,2018-12-12,5000,3590,0.0
CMP-0031,Campaign_Hic_1964,Seasonal,Radio,2018-12-13,2019-01-10,100000,85547,0.0
CMP-0032,Campaign_Ab_4899,Promotion,Print,2019-01-14,2019-02-24,200000,206299,0.05
CMP-0033,Campaign_Dolore_8744,Seasonal,Print,2019-03-03,2019-03-22,5000,4061,0.05
CMP-0034,Campaign_Voluptatem_8062,Promotion,Email,2019-03-29,2019-05-04,5000,3781,0.15
CMP-0035,Campaign_Nisi_2612,Loyalty,Email,2019-05-12,2019-07-09,10000,7298,0.2
CMP-0036,Campaign_Laboriosam_4139,Seasonal,Print,2019-07-12,2019-08-15,25000,25222,0.0
CMP-0037,Campaign_Hic_8579,Seasonal,Radio,2019-08-23,2019-10-20,5000,3511,0.15
CMP-0038,Campaign_Dolor_1828,Grand Opening,TV,2019-10-24,2019-12-18,10000,9827,0.1
CMP-0039,Campaign_Esse_7658,Event,Print,2019-12-22,2020-01-23,10000,10085,0.0
CMP-0040,Campaign_Labore_7209,Loyalty,Email,2020-01-28,2020-03-25,25000,21084,0.0
CMP-0041,Campaign_Corporis_7930,Grand Opening,Print,2020-03-29,2020-04-17,10000,10452,0.1
CMP-0042,Campaign_Consectetur_1958,Holiday,TV,2020-04-24,2020-05-04,100000,83235,0.0
CMP-0043,Campaign_Modi_8811,Holiday,Social Media,2020-05-05,2020-06-13,10000,8243,0.0
CMP-0044,Campaign_Consequatur_2122,Holiday,Radio,2020-06-17,2020-07-19,100000,99184,0.1
CMP-0045,Campaign_Magnam_5033,Holiday,TV,2020-07-29,2020-08-10,200000,210977,0.05
CMP-0046,Campaign_Laborum_9565,Promotion,In-store,2020-08-15,2020-10-03,25000,18695,0.1
CMP-0047,Campaign_Sed_4910,Promotion,Email,2020-10-08,2020-11-26,25000,25107,0.05
CMP-0048,Campaign_Fuga_8491,Promotion,Radio,2020-11-29,2021-01-04,100000,100838,0.05
CMP-0049,Campaign_Aperiam_2638,Loyalty,SMS,2021-01-15,2021-02-07,25000,22727,0.05
CMP-0050,Campaign_Officia_2127,Seasonal,Digital,2021-02-12,2021-03-01,100000,71016,0.0
CMP-0051,Campaign_Quidem_5956,Holiday,TV,2021-03-11,2021-04-06,5000,3562,0.1
CMP-0052,Campaign_Cupiditate_3200,Promotion,Radio,2021-04-10,2021-06-03,10000,8257,0.05
CMP-0053,Campaign_Minus_5462,Promotion,SMS,2021-06-11,2021-07-01,200000,212605,0.0
CMP-0054,Campaign_Beatae_5325,Holiday,Print,2021-07-08,2021-07-18,200000,172830,0.1
CMP-0055,Campaign_Quod_7939,Promotion,,2021-07-19,2021-08-16,200000,158303,0.0
CMP-0056,Campaign_Impedit_5291,Seasonal,Print,2021-08-25,2021-10-16,100000,81590,0.0
CMP-0057,Campaign_Sunt_1158,Loyalty,Radio,2021-10-20,2021-11-30,25000,26796,0.15
CMP-0058,Campaign_Sit_3426,Event,Social Media,2021-12-01,2021-12-27,5000,4766,0.15
CMP-0059,Campaign_Magni_6862,Seasonal,SMS,2021-12-30,2022-01-28,50000,51073,0.0
CMP-0060,Campaign_Repellat_3532,Seasonal,Social Media,2022-02-02,2022-03-07,10000,10570,0.05
CMP-0061,Campaign_Earum_6442,Event,SMS,2022-03-12,2022-03-29,5000,5114,0.15
CMP-0062,Campaign_Voluptatibus_7267,Loyalty,Print,2022-04-04,2022-04-23,25000,20680,0.0
CMP-0063,Campaign_Atque_6000,Seasonal,SMS,2022-04-25,2022-06-13,50000,39558,0.05
CMP-0064,Campaign_Aperiam_6378,Promotion,Radio,2022-06-18,2022-07-17,100000,102720,0.15
CMP-0065,Campaign_Ut_7548,Grand Opening,Digital,2022-07-20,2022-08-03,10000,7027,0.05
CMP-0066,Campaign_Eum_5349,Loyalty,Radio,2022-08-14,2022-09-17,200000,173392,0.0
CMP-0067,Campaign_Illum_6139,Event,Radio,2022-09-25,2022-11-07,25000,18698,0.0
CMP-0068,Campaign_Beatae_1727,Grand Opening,Email,2022-11-08,2022-12-18,200000,215432,0.0
CMP-0069,Campaign_Eveniet_4228,Promotion,Email,2022-12-22,2023-02-09,100000,90751,0.1
CMP-0070,Campaign_Consequuntur_6143,Grand Opening,Radio,2023-02-15,2023-03-26,200000,169090,0.2
CMP-0071,Campaign_Modi_7691,Promotion,Email,2023-04-01,2023-05-13,10000,10849,0.0
CMP-0072,Campaign_Hic_7888,Grand Opening,Email,2023-05-16,2023-07-01,25000,22472,0.0
CMP-0073,Campaign_Odit_7653,Holiday,TV,2023-07-08,2023-08-02,50000,40696,0.0
CMP-0074,Campaign_Tempora_6279,Event,Print,2023-08-10,2023-09-29,100000,94382,0.05
CMP-0075,Campaign_Maiores_8752,Grand Opening,Social Media,2023-10-01,2023-10-26,200000,144118,0.0
CMP-0076,Campaign_Dolorem_6491,Loyalty,SMS,2023-11-02,2023-11-23,10000,10633,0.0
CMP-0077,Campaign_Maxime_1400,Loyalty,SMS,2023-12-01,2024-01-16,50000,37897,0.05
CMP-0078,Campaign_Libero_7790,Grand Opening,SMS,2024-01-23,2024-03-01,10000,10942,0.0
CMP-0079,Campaign_Eos_3417,Grand Opening,TV,2024-03-04,2024-04-29,10000,9688,0.1
CMP-0080,Campaign_Velit_3881,Grand Opening,Print,2024-05-01,2024-06-12,5000,3975,0.1
CMP-0081,Campaign_Fugiat_8478,Seasonal,Print,2024-06-21,2024-08-02,25000,21177,0.1
CMP-0082,Campaign_Voluptates_8251,Holiday,Email,2024-08-13,2024-09-17,200000,190682,0.05
CMP-0083,Campaign_Vero_8777,Event,In-store,2024-09-21,2024-11-20,25000,18402,0.15
CMP-0084,Campaign_Tenetur_9540,Event,SMS,2024-11-27,2025-01-01,200000,165662,0.0
CMP-0085,Campaign_Aut_5681,Seasonal,In-store,2025-01-07,2025-02-03,5000,3581,0.05
CMP-0086,Campaign_Sequi_3267,Seasonal,SMS,2025-02-12,2025-04-04,200000,194205,0.0
CMP-0087,Campaign_Tempora_4505,Loyalty,Email,2025-04-11,2025-05-09,50000,45241,0.0
CMP-0088,Campaign_Dolores_7812,Loyalty,SMS,2025-05-18,2025-06-18,200000,191613,0.0
CMP-0089,Campaign_Quibusdam_1320,Holiday,Email,2025-06-28,2025-07-05,25000,24409,0.05
CMP-0090,Campaign_Exercitationem_7389,Event,SMS,2025-07-14,2025-08-04,50000,53734,0.0
CMP-0091,Campaign_Dolorem_8956,Loyalty,Email,2025-08-11,2025-09-29,50000,41821,0.0
CMP-0092,Campaign_Officiis_3704,Event,Social Media,2025-10-11,2025-11-21,50000,53493,0.15
CMP-0093,Campaign_Modi_1444,Loyalty,Email,2025-11-24,2025-12-30,5000,4015,0.1
CMP-0094,Campaign_Fugit_5262,Event,Digital,2026-01-03,2026-02-08,25000,25672,0.05
CMP-0095,Campaign_Tempore_7211,Promotion,Email,2026-02-14,2026-02-28,50000,45593,0.0
CMP-0069-DUP,Campaign_Eveniet_4228,Promotion,Email,2022-12-22,2023-02-09,100000,90751,0.1
