promotion_id,promotion_name,start_date,end_date,discount_type,discount_value
PROMO-0001,Promotion_Tempore_754,2016-01-04,2016-01-07,percentage,10
PROMO-0002,Promotion_Culpa_704,2016-01-23,2016-01-27,percentage,10
PROMO-0003,Promotion_Alias_303,2016-02-19,2016-03-13,fixed,200
PROMO-0004,Promotion_Harum_320,2016-04-17,2016-05-14,percentage,5
PROMO-0005,Promotion_Exercitationem_649,2016-05-20,2016-06-04,fixed,500
PROMO-0006,Promotion_Et_564,2016-06-25,2016-07-24,percentage,15
PROMO-0007,Promotion_Deserunt_846,2016-08-03,2016-08-11,fixed,500
PROMO-0008,Promotion_Corporis_505,2016-09-12,2016-10-05,percentage,15
PROMO-0009,Promotion_Veritatis_369,2016-11-01,2016-11-22,fixed,500
PROMO-0010,Promotion_Quisquam_873,2016-11-27,2016-12-27,percentage,10
PROMO-0011,Promotion_Commodi_868,2017-01-05,2017-02-01,percentage,15
PROMO-0012,Promotion_Rerum_208,2017-03-03,2017-03-26,percentage,10
PROMO-0013,Promotion_Nisi_600,2017-03-29,2017-04-04,fixed,200
PROMO-0014,Promotion_Aliquid_999,2017-04-25,2017-04-30,fixed,100
PROMO-0015,Promotion_Aliquam_830,2017-05-10,2017-05-25,fixed,1000
PROMO-0016,Promotion_Consectetur_165,2017-06-07,2017-06-10,percentage,25
PROMO-0017,Promotion_Esse_169,2017-07-13,2017-07-17,percentage,25
PROMO-0018,Promotion_Eveniet_235,2017-08-12,2017-09-02,fixed,200
PROMO-0019,Promotion_Quae_512,2017-09-30,2017-10-13,percentage,10
PROMO-0020,Promotion_Sed_287,2017-10-22,2017-11-08,percentage,20
PROMO-0021,Promotion_Alias_160,2017-11-15,2017-11-30,fixed,500
PROMO-0022,Promotion_Ratione_151,2017-12-19,2018-01-06,percentage,5
PROMO-0023,Promotion_Eius_352,2018-01-29,2018-02-20,percentage,20
PROMO-0024,Promotion_Totam_787,2018-03-13,2018-03-25,fixed,100
PROMO-0025,Promotion_Voluptates_736,2018-04-16,2018-04-22,percentage,25
PROMO-0026,Promotion_Quisquam_391,2018-04-28,2018-05-15,fixed,100
PROMO-0027,Promotion_Nihil_719,2018-05-26,2018-06-20,percentage,15
PROMO-0028,Promotion_Est_889,2018-06-27,2018-07-20,percentage,20
PROMO-0029,Promotion_Occaecati_696,2018-08-09,2018-08-16,percentage,5
PROMO-0030,Promotion_Repudiandae_782,2018-08-23,2018-09-06,fixed,200
PROMO-0031,Promotion_Hic_327,2018-09-17,2018-10-16,fixed,500
PROMO-0032,Promotion_Ab_128,2018-10-23,2018-11-03,fixed,100
PROMO-0033,Promotion_Dolore_453,2018-11-28,2018-12-26,fixed,100
PROMO-0034,Promotion_Voluptatem_925,2019-01-15,2019-02-08,fixed,1000
PROMO-0035,Promotion_Nisi_779,2019-03-09,2019-03-15,fixed,1000
PROMO-0036,Promotion_Laboriosam_780,2019-04-17,2019-05-02,fixed,1000
PROMO-0037,Promotion_Hic_552,2019-05-18,2019-06-11,fixed,200
PROMO-0038,Promotion_Dolor_125,2019-06-14,2019-06-24,percentage,20
PROMO-0039,Promotion_Esse_771,2019-07-20,2019-07-23,fixed,200
PROMO-0040,Promotion_Labore_670,2019-07-31,2019-08-30,fixed,200
PROMO-0041,Promotion_Corporis_560,2019-09-08,2019-10-05,fixed,1000
PROMO-0042,Promotion_Consectetur_241,2019-10-11,2019-10-21,percentage,10
PROMO-0043,Promotion_Modi_438,2019-11-11,2019-11-28,percentage,10
PROMO-0044,Promotion_Consequatur_919,2019-12-21,2019-12-31,percentage,15
PROMO-0045,Promotion_Magnam_230,2020-01-23,2020-02-12,fixed,100
PROMO-0046,Promotion_Laborum_987,2020-02-27,2020-03-06,fixed,1000
PROMO-0047,Promotion_Sed_870,2020-04-06,2020-05-05,fixed,100
PROMO-0048,Promotion_Fuga_353,2020-05-15,2020-06-13,percentage,10
PROMO-0049,Promotion_Aperiam_323,2020-06-28,2020-07-23,fixed,200
PROMO-0050,Promotion_Officia_506,2020-08-25,2020-09-19,percentage,25
PROMO-0051,Promotion_Quidem_618,2020-10-11,2020-10-24,fixed,1000
PROMO-0052,Promotion_Cupiditate_750,2020-11-22,2020-12-21,percentage,20
PROMO-0053,Promotion_Minus_927,2021-01-23,2021-02-12,fixed,1000
PROMO-0054,Promotion_Beatae_606,2021-03-15,2021-03-28,fixed,200
PROMO-0055,Promotion_Quod_110,2021-04-15,2021-04-24,percentage,20
PROMO-0056,Promotion_Impedit_326,2021-05-07,2021-06-01,fixed,500
PROMO-0057,Promotion_Sunt_377,2021-06-12,2021-06-23,percentage,10
PROMO-0058,Promotion_Sit_383,2021-07-18,2021-08-08,fixed,100
PROMO-0059,Promotion_Magni_814,2021-09-12,2021-09-19,percentage,5
PROMO-0060,Promotion_Repellat_941,2021-09-25,2021-10-10,percentage,25
PROMO-0061,Promotion_Earum_710,2021-11-08,2021-11-30,fixed,1000
PROMO-0062,Promotion_Voluptatibus_277,2021-12-19,2021-12-24,percentage,20
PROMO-0063,Promotion_Atque_172,2022-01-16,2022-01-26,percentage,20
PROMO-0064,Promotion_Aperiam_763,2022-02-02,2022-02-13,percentage,5
PROMO-0065,Promotion_Ut_395,2022-03-01,2022-03-07,fixed,1000
PROMO-0066,Promotion_Eum_712,2022-03-12,2022-03-28,fixed,100
PROMO-0067,Promotion_Illum_701,2022-04-30,2022-05-03,percentage,10
PROMO-0068,Promotion_Beatae_581,2022-05-17,2022-06-02,fixed,100
PROMO-0069,Promotion_Eveniet_891,2022-06-17,2022-07-17,percentage,25
PROMO-0070,Promotion_Consequuntur_308,2022-07-30,2022-08-19,fixed,1000
PROMO-0071,Promotion_Modi_220,2022-09-10,2022-10-09,fixed,500
PROMO-0072,Promotion_Hic_295,2022-11-09,2022-12-01,percentage,5
PROMO-0073,Promotion_Odit_389,2022-12-29,2023-01-10,fixed,200
PROMO-0074,Promotion_Tempora_429,2023-02-11,2023-02-20,fixed,200
PROMO-0075,Promotion_Maiores_995,2023-03-21,2023-04-07,fixed,100
PROMO-0076,Promotion_Dolorem_424,2023-04-28,2023-05-23,percentage,25
PROMO-0077,Promotion_Maxime_332,2023-06-19,2023-06-24,percentage,5
PROMO-0078,Promotion_Libero_483,2023-07-11,2023-07-18,fixed,200
PROMO-0079,Promotion_Eos_991,2023-08-01,2023-08-23,fixed,200
PROMO-0080,Promotion_Velit_782,2023-08-25,2023-08-28,fixed,500
PROMO-0031-DUP,Promotion_Hic_327,2018-09-17,2018-10-16,fixed,500
