promotion_id,product_id
PROMO-0001,PROD-0840
PROMO-0001,PROD-4468
PROMO-0001,PROD-0713
PROMO-0002,PROD-4140
PROMO-0002,PROD-4932
PROMO-0002,PROD-0218
PROMO-0002,PROD-4598
PROMO-0003,PROD-4828
PROMO-0003,PROD-2279
PROMO-0003,PROD-0054
PROMO-0003,PROD-1308
PROMO-0003,PROD-3463
PROMO-0003,PROD-2788
PROMO-0003,PROD-2277
PROMO-0003,PROD-1274
PROMO-0004,PROD-0793
PROMO-0004,PROD-2941
PROMO-0004,PROD-2818
PROMO-0004,PROD-4946
PROMO-0004,PROD-2167
PROMO-0004,PROD-0356
PROMO-0004,PROD-3764
PROMO-0005,PROD-1576
PROMO-0005,PROD-0570
PROMO-0005,PROD-0376
PROMO-0005,PROD-1867
PROMO-0005,PROD-2371
PROMO-0005,PROD-0654
PROMO-0005,PROD-1908
PROMO-0005,PROD-0828
PROMO-0005,PROD-3114
PROMO-0005,PROD-2278
PROMO-0006,PROD-1717
PROMO-0006,PROD-2188
PROMO-0006,PROD-0585
PROMO-0006,PROD-4991
PROMO-0006,PROD-1402
PROMO-0006,PROD-4376
PROMO-0007,PROD-4563
PROMO-0007,PROD-1800
PROMO-0007,PROD-2657
PROMO-0007,PROD-0459
PROMO-0007,PROD-1877
PROMO-0007,PROD-0263
PROMO-0007,PROD-2585
PROMO-0007,PROD-3287
PROMO-0007,PROD-2194
PROMO-0007,PROD-0543
PROMO-0007,PROD-1729
PROMO-0007,PROD-4647
PROMO-0007,PROD-2578
PROMO-0007,PROD-1742
PROMO-0007,PROD-4090
PROMO-0008,PROD-2021
PROMO-0008,PROD-4599
PROMO-0008,PROD-4416
PROMO-0009,PROD-1134
PROMO-0009,PROD-4175
PROMO-0009,PROD-4043
PROMO-0009,PROD-0745
PROMO-0010,PROD-3459
PROMO-0010,PROD-4886
PROMO-0010,PROD-0521
PROMO-0010,PROD-3153
PROMO-0010,PROD-3127
PROMO-0010,PROD-4882
PROMO-0010,PROD-3835
PROMO-0010,PROD-4335
PROMO-0010,PROD-2060
PROMO-0010,PROD-4533
PROMO-0010,PROD-0095
PROMO-0010,PROD-0939
PROMO-0010,
PROMO-0011,PROD-1296
PROMO-0011,PROD-3717
PROMO-0011,PROD-0027
PROMO-0011,PROD-2158
PROMO-0011,PROD-4101
PROMO-0011,PROD-1464
PROMO-0011,PROD-4159
PROMO-0012,PROD-1324
PROMO-0012,PROD-4419
PROMO-0012,PROD-4345
PROMO-0012,PROD-0005
PROMO-0012,PROD-4907
PROMO-0012,PROD-2656
PROMO-0013,PROD-1974
PROMO-0014,PROD-4364
PROMO-0014,PROD-1031
PROMO-0014,PROD-1052
PROMO-0014,PROD-3894
PROMO-0014,PROD-4504
PROMO-0014,PROD-1353
PROMO-0014,PROD-2172
PROMO-0014,PROD-4323
PROMO-0014,PROD-4970
PROMO-0014,PROD-3467
PROMO-0014,PROD-1736
PROMO-0014,PROD-4418
PROMO-0014,PROD-1648
PROMO-0015,PROD-2031
PROMO-0015,PROD-1841
PROMO-0016,PROD-0059
PROMO-0016,PROD-0582
PROMO-0016,PROD-0483
PROMO-0016,PROD-1876
PROMO-0017,PROD-2282
PROMO-0017,PROD-3977
PROMO-0017,PROD-1756
PROMO-0017,PROD-4418
PROMO-0018,PROD-3875
PROMO-0018,PROD-3335
PROMO-0018,PROD-1560
PROMO-0018,PROD-0773
PROMO-0018,PROD-0795
PROMO-0018,PROD-3532
PROMO-0018,PROD-2903
PROMO-0018,PROD-3470
PROMO-0018,PROD-3368
PROMO-0018,PROD-3826
PROMO-0018,PROD-0444
PROMO-0018,PROD-0807
PROMO-0018,PROD-0497
PROMO-0019,PROD-4394
PROMO-0019,PROD-3676
PROMO-0019,PROD-1149
PROMO-0019,PROD-3457
PROMO-0020,PROD-4509
PROMO-0020,
PROMO-0020,PROD-0415
PROMO-0020,PROD-4429
PROMO-0020,PROD-0121
PROMO-0020,PROD-0765
PROMO-0020,PROD-1937
PROMO-0020,PROD-1363
PROMO-0020,PROD-3330
PROMO-0020,PROD-3979
PROMO-0020,PROD-3944
PROMO-0020,PROD-1752
PROMO-0020,PROD-3286
PROMO-0021,PROD-3728
PROMO-0021,PROD-2337
PROMO-0021,PROD-3466
PROMO-0021,PROD-4553
PROMO-0021,PROD-3987
PROMO-0021,PROD-1269
PROMO-0021,PROD-1556
PROMO-0021,PROD-2431
PROMO-0021,PROD-1784
PROMO-0021,PROD-0480
PROMO-0021,PROD-4745
PROMO-0021,PROD-4442
PROMO-0021,PROD-0500
PROMO-0021,PROD-2570
PROMO-0021,PROD-0469
PROMO-0022,PROD-0657
PROMO-0022,PROD-1523
PROMO-0022,PROD-0562
PROMO-0022,PROD-4875
PROMO-0022,PROD-0557
PROMO-0022,PROD-1927
PROMO-0022,PROD-3308
PROMO-0022,PROD-0983
PROMO-0022,PROD-4667
PROMO-0023,PROD-4782
PROMO-0023,PROD-4631
PROMO-0023,PROD-4283
PROMO-0023,PROD-2592
PROMO-0023,PROD-2137
PROMO-0023,PROD-1674
PROMO-0023,PROD-2574
PROMO-0023,
PROMO-0023,PROD-2176
PROMO-0023,PROD-3243
PROMO-0023,PROD-1073
PROMO-0024,PROD-3755
PROMO-0025,PROD-1086
PROMO-0025,PROD-2860
PROMO-0025,PROD-0564
PROMO-0025,PROD-2002
PROMO-0025,PROD-3028
PROMO-0026,PROD-4544
PROMO-0026,PROD-2453
PROMO-0026,PROD-0849
PROMO-0026,PROD-1101
PROMO-0026,PROD-2167
PROMO-0026,PROD-0946
PROMO-0026,PROD-0877
PROMO-0026,PROD-4533
PROMO-0026,PROD-1274
PROMO-0026,PROD-2232
PROMO-0026,PROD-2309
PROMO-0027,PROD-4003
PROMO-0027,PROD-2058
PROMO-0027,PROD-0417
PROMO-0027,PROD-0757
PROMO-0027,PROD-3470
PROMO-0027,PROD-2267
PROMO-0027,PROD-0362
PROMO-0027,PROD-0030
PROMO-0027,PROD-2733
PROMO-0028,PROD-3504
PROMO-0028,PROD-4595
PROMO-0028,PROD-0080
PROMO-0028,PROD-0917
PROMO-0028,
PROMO-0028,PROD-1222
PROMO-0028,PROD-4470
PROMO-0028,
PROMO-0028,PROD-3025
PROMO-0029,PROD-2988
PROMO-0029,PROD-0327
PROMO-0029,PROD-2932
PROMO-0029,PROD-1721
PROMO-0029,PROD-2045
PROMO-0030,PROD-1940
PROMO-0030,PROD-1332
PROMO-0030,PROD-1451
PROMO-0030,PROD-3378
PROMO-0030,PROD-0204
PROMO-0030,PROD-1470
PROMO-0030,PROD-2722
PROMO-0030,PROD-3373
PROMO-0030,PROD-2033
PROMO-0030,PROD-2186
PROMO-0030,PROD-1305
PROMO-0030,PROD-0886
PROMO-0030,PROD-3134
PROMO-0030,PROD-0318
PROMO-0030,PROD-3856
PROMO-0031,PROD-1865
PROMO-0031,PROD-1827
PROMO-0031,PROD-0194
PROMO-0031,PROD-1583
PROMO-0031,PROD-3265
PROMO-0031,PROD-2690
PROMO-0031,PROD-2283
PROMO-0031,PROD-0569
PROMO-0031,PROD-2287
PROMO-0031,PROD-2877
PROMO-0031,PROD-4174
PROMO-0031,PROD-3275
PROMO-0031,PROD-4393
PROMO-0031,PROD-2713
PROMO-0032,
PROMO-0032,PROD-3560
PROMO-0033,PROD-4724
PROMO-0033,PROD-1558
PROMO-0033,PROD-2087
PROMO-0033,PROD-0364
PROMO-0033,PROD-3573
PROMO-0033,PROD-0014
PROMO-0033,PROD-4260
PROMO-0034,PROD-2705
PROMO-0034,PROD-2572
PROMO-0035,PROD-3297
PROMO-0035,PROD-2423
PROMO-0035,PROD-4542
PROMO-0035,PROD-1043
PROMO-0035,PROD-1572
PROMO-0035,PROD-3445
PROMO-0036,PROD-0004
PROMO-0036,PROD-2490
PROMO-0036,PROD-2351
PROMO-0036,PROD-1722
PROMO-0036,PROD-3522
PROMO-0036,PROD-4752
PROMO-0036,PROD-4970
PROMO-0036,PROD-2640
PROMO-0036,PROD-3810
PROMO-0037,PROD-0695
PROMO-0037,PROD-2325
PROMO-0037,PROD-4223
PROMO-0037,PROD-4770-DUP
PROMO-0037,PROD-2746
PROMO-0037,PROD-0766
PROMO-0037,PROD-1925
PROMO-0037,PROD-2543
PROMO-0037,PROD-1841
PROMO-0037,PROD-1632
PROMO-0037,PROD-1208
PROMO-0038,PROD-4716
PROMO-0038,PROD-1593
PROMO-0038,PROD-3146
PROMO-0038,PROD-4050
PROMO-0038,PROD-3274
PROMO-0038,PROD-1999
PROMO-0038,PROD-1209
PROMO-0039,PROD-4244
PROMO-0039,PROD-3806
PROMO-0039,PROD-0412
PROMO-0040,PROD-3807
PROMO-0040,PROD-4352
PROMO-0040,PROD-4579
PROMO-0040,PROD-4878
PROMO-0040,PROD-2600
PROMO-0040,PROD-3626
PROMO-0040,PROD-3380-DUP
PROMO-0040,PROD-4136
PROMO-0040,PROD-3496
PROMO-0040,PROD-4489
PROMO-0040,PROD-3653
PROMO-0040,PROD-1304
PROMO-0040,PROD-3889
PROMO-0041,PROD-1960
PROMO-0041,PROD-2250
PROMO-0041,PROD-3604
PROMO-0041,PROD-0635
PROMO-0041,PROD-2341
PROMO-0041,PROD-1921
PROMO-0041,PROD-2226
PROMO-0041,PROD-2752
PROMO-0041,PROD-2620
PROMO-0041,PROD-4425
PROMO-0041,PROD-0661
PROMO-0042,PROD-3399
PROMO-0042,PROD-3340
PROMO-0043,PROD-3442
PROMO-0043,PROD-3191
PROMO-0043,PROD-4785
PROMO-0043,PROD-0161
PROMO-0043,PROD-4717
PROMO-0043,PROD-3117
PROMO-0043,PROD-3908
PROMO-0043,PROD-0049
PROMO-0043,PROD-2882
PROMO-0043,PROD-2447
PROMO-0043,PROD-3195
PROMO-0043,PROD-3433
PROMO-0043,PROD-4410
PROMO-0043,PROD-4474
PROMO-0044,PROD-3979
PROMO-0044,
PROMO-0044,PROD-3186
PROMO-0044,PROD-2754
PROMO-0044,PROD-3313
PROMO-0044,PROD-1353
PROMO-0044,PROD-3829
PROMO-0045,PROD-3512
PROMO-0045,PROD-1112
PROMO-0046,PROD-1734
PROMO-0046,PROD-3725
PROMO-0046,PROD-2678
PROMO-0046,PROD-2765
PROMO-0046,PROD-3106
PROMO-0046,PROD-2280
PROMO-0047,PROD-0159
PROMO-0047,PROD-4419
PROMO-0047,PROD-0427
PROMO-0047,PROD-2867
PROMO-0047,PROD-1837
PROMO-0047,PROD-0563
PROMO-0047,PROD-0330
PROMO-0047,PROD-0255
PROMO-0048,PROD-3880
PROMO-0048,PROD-0938
PROMO-0048,PROD-4621
PROMO-0049,PROD-4975
PROMO-0049,PROD-0939
PROMO-0049,PROD-1342
PROMO-0049,PROD-2549
PROMO-0049,PROD-0886
PROMO-0049,PROD-4741
PROMO-0049,PROD-0211
PROMO-0049,PROD-2556
PROMO-0049,PROD-4717
PROMO-0049,PROD-3075
PROMO-0050,PROD-1990
PROMO-0050,PROD-0835
PROMO-0050,PROD-2471
PROMO-0050,PROD-4919
PROMO-0050,
PROMO-0050,PROD-4637
PROMO-0050,PROD-0337
PROMO-0050,PROD-2845
PROMO-0050,PROD-4365
PROMO-0050,PROD-3510
PROMO-0050,PROD-3036
PROMO-0050,PROD-0565
PROMO-0051,PROD-3552
PROMO-0051,PROD-2968
PROMO-0052,PROD-4275
PROMO-0052,PROD-2213
PROMO-0052,PROD-0442-DUP
PROMO-0053,PROD-4854
PROMO-0053,PROD-2199
PROMO-0053,PROD-2641
PROMO-0053,PROD-2012
PROMO-0053,PROD-0710
PROMO-0053,PROD-2285
PROMO-0053,PROD-3693
PROMO-0053,PROD-1998
PROMO-0053,PROD-3807
PROMO-0053,PROD-4669
PROMO-0053,PROD-5000
PROMO-0053,PROD-3105
PROMO-0053,PROD-2756
PROMO-0053,PROD-0236
PROMO-0054,PROD-2117
PROMO-0054,PROD-2789
PROMO-0054,PROD-2291
PROMO-0054,PROD-4884
PROMO-0054,PROD-2264
PROMO-0054,PROD-4554
PROMO-0055,PROD-4549
PROMO-0055,PROD-1969
PROMO-0055,PROD-3901
PROMO-0055,
PROMO-0055,PROD-3672
PROMO-0055,PROD-0142
PROMO-0055,PROD-0763
PROMO-0055,PROD-2411
PROMO-0056,PROD-4535
PROMO-0056,PROD-4350
PROMO-0056,PROD-2817
PROMO-0056,PROD-3486
PROMO-0056,PROD-4509
PROMO-0056,PROD-2710
PROMO-0056,PROD-2883
PROMO-0056,PROD-3718
PROMO-0057,PROD-0980
PROMO-0057,PROD-4390
PROMO-0057,PROD-1517
PROMO-0057,PROD-1570
PROMO-0057,PROD-1773
PROMO-0057,PROD-3967
PROMO-0058,PROD-1591
PROMO-0058,PROD-2427
PROMO-0058,PROD-1864
PROMO-0058,PROD-2957
PROMO-0058,PROD-1470
PROMO-0058,PROD-2477
PROMO-0058,PROD-0116
PROMO-0058,PROD-4376
PROMO-0058,PROD-1037
PROMO-0058,PROD-2248
PROMO-0058,PROD-0373
PROMO-0058,PROD-0447
PROMO-0058,PROD-4534
PROMO-0058,PROD-2394
PROMO-0059,PROD-2330
PROMO-0059,PROD-3846
PROMO-0059,PROD-3922
PROMO-0059,PROD-3609
PROMO-0059,PROD-2792
PROMO-0059,PROD-1511
PROMO-0059,PROD-0421
PROMO-0059,PROD-2069
PROMO-0059,PROD-3914
PROMO-0059,PROD-0935
PROMO-0060,PROD-0440
PROMO-0060,PROD-1243
PROMO-0060,PROD-1223
PROMO-0060,PROD-4611
PROMO-0060,PROD-2490
PROMO-0060,PROD-0698
PROMO-0060,
PROMO-0060,PROD-0971
PROMO-0060,PROD-4572
PROMO-0060,PROD-3410
PROMO-0060,PROD-4967
PROMO-0061,PROD-3627
PROMO-0061,PROD-2436
PROMO-0061,PROD-4822
PROMO-0061,PROD-3513
PROMO-0061,PROD-2502
PROMO-0061,PROD-4659
PROMO-0061,PROD-0494
PROMO-0061,PROD-4995
PROMO-0061,PROD-0813
PROMO-0061,
PROMO-0061,PROD-1729
PROMO-0061,PROD-2168
PROMO-0061,PROD-0666
PROMO-0061,PROD-1287
PROMO-0061,PROD-1965
PROMO-0062,PROD-4865
PROMO-0062,PROD-3850
PROMO-0062,PROD-2386
PROMO-0062,PROD-0268
PROMO-0062,PROD-1897
PROMO-0062,PROD-2361
PROMO-0062,PROD-2317
PROMO-0062,PROD-3720
PROMO-0063,PROD-4462
PROMO-0063,PROD-1842
PROMO-0064,PROD-2520
PROMO-0064,PROD-4875
PROMO-0064,PROD-4663
PROMO-0065,PROD-4100
PROMO-0065,PROD-4424
PROMO-0065,PROD-4046
PROMO-0065,PROD-3587
PROMO-0065,PROD-0659
PROMO-0066,PROD-1876
PROMO-0066,PROD-4713
PROMO-0067,PROD-4252
PROMO-0067,PROD-3623
PROMO-0067,PROD-2279
PROMO-0067,PROD-1487
PROMO-0067,PROD-4796
PROMO-0067,PROD-3571
PROMO-0067,PROD-4029
PROMO-0067,PROD-0748
PROMO-0068,PROD-1318
PROMO-0068,PROD-2702
PROMO-0068,PROD-3373
PROMO-0068,PROD-4059
PROMO-0068,PROD-2362
PROMO-0068,PROD-3281
PROMO-0068,PROD-4507
PROMO-0068,PROD-0301
PROMO-0068,PROD-3726
PROMO-0068,PROD-0722
PROMO-0068,PROD-2577
PROMO-0068,PROD-2068
PROMO-0068,PROD-2649
PROMO-0068,PROD-0950
PROMO-0069,PROD-3386
PROMO-0069,PROD-0445
PROMO-0069,PROD-1537
PROMO-0069,PROD-4248
PROMO-0069,PROD-2964
PROMO-0069,PROD-4084
PROMO-0069,PROD-3622
PROMO-0069,PROD-0423
PROMO-0070,PROD-3971
PROMO-0070,PROD-0995
PROMO-0070,PROD-0237
PROMO-0070,PROD-4988
PROMO-0070,PROD-1961
PROMO-0070,PROD-1298
PROMO-0070,PROD-2546
PROMO-0070,PROD-4513
PROMO-0070,PROD-0113
PROMO-0070,PROD-4525
PROMO-0070,PROD-3343
PROMO-0070,PROD-0764
PROMO-0070,PROD-1841
PROMO-0070,PROD-0930
PROMO-0070,PROD-3781
PROMO-0071,PROD-2240
PROMO-0071,PROD-3404
PROMO-0071,PROD-3953
PROMO-0071,PROD-3869
PROMO-0071,PROD-1997
PROMO-0071,PROD-3742
PROMO-0071,PROD-4516
PROMO-0071,PROD-1185
PROMO-0071,PROD-3143
PROMO-0072,PROD-3400
PROMO-0072,PROD-2785
PROMO-0072,PROD-4160
PROMO-0072,PROD-2189
PROMO-0072,PROD-0022
PROMO-0073,PROD-4413
PROMO-0073,PROD-3968
PROMO-0073,PROD-2828
PROMO-0073,PROD-2724
PROMO-0073,PROD-4522
PROMO-0073,PROD-4452
PROMO-0073,PROD-3091
PROMO-0073,PROD-3731
PROMO-0074,
PROMO-0074,PROD-0358
PROMO-0074,PROD-2607
PROMO-0074,PROD-3875
PROMO-0074,PROD-3124
PROMO-0074,PROD-3163
PROMO-0074,PROD-1247
PROMO-0074,PROD-4058
PROMO-0074,PROD-0304
PROMO-0074,PROD-1035
PROMO-0074,PROD-4115
PROMO-0074,PROD-4835
PROMO-0074,PROD-2720
PROMO-0074,PROD-0823
PROMO-0075,PROD-1181
PROMO-0075,PROD-3359
PROMO-0075,PROD-1265
PROMO-0075,PROD-0613
PROMO-0075,PROD-3847
PROMO-0075,PROD-2172
PROMO-0075,PROD-2774
PROMO-0075,PROD-3257
PROMO-0075,PROD-0658
PROMO-0075,PROD-2692
PROMO-0075,PROD-4372
PROMO-0075,PROD-3114
PROMO-0076,PROD-1924
PROMO-0076,PROD-2355
PROMO-0077,PROD-1363
PROMO-0077,PROD-2454
PROMO-0077,PROD-0238
PROMO-0077,PROD-0377
PROMO-0077,PROD-2658
PROMO-0077,PROD-0460
PROMO-0077,PROD-2404
PROMO-0077,PROD-2937
PROMO-0078,PROD-1435
PROMO-0078,PROD-0647
PROMO-0078,PROD-4993
PROMO-0079,PROD-3778
PROMO-0079,PROD-2081
PROMO-0079,PROD-3765
PROMO-0079,PROD-2092
PROMO-0080,PROD-4478
PROMO-0080,PROD-1295
PROMO-0080,PROD-0606
PROMO-0080,PROD-3619
PROMO-0080,PROD-2831
PROMO-0080,PROD-4814
PROMO-0080,PROD-2451
PROMO-0080,PROD-3476
PROMO-0080,PROD-2049
PROMO-0080,PROD-3743
PROMO-0080,PROD-2475
PROMO-0007-DUP,PROD-4647
PROMO-0075-DUP,PROD-3847
PROMO-0012-DUP,PROD-4345
PROMO-0041-DUP,PROD-1960
PROMO-0017-DUP,PROD-4418
PROMO-0079-DUP,PROD-2092
