county,population,avg_income_kes,latitude,longitude
Nairobi,1166054,700000,-1.2921,36.8219
Mombasa,939370,80000,-4.0435,39.6682
Kisumu,968909,35000,-0.0917,34.768
Nakuru,1603325,35000,-0.3031,36.08
Kiambu,1623282,30000,-1.1714,36.7844
Uasin Gishu,876000,25000,0.5167,35.2667
Meru,700000,20000,0.0478,37.6493
Machakos,1097000,15000,-1.5177,37.2617
Kakamega,1660651,25000,0.2833,34.75
Bungoma,1670570,20000,0.569,34.56
Kisii,1152382,25000,-0.6761,34.7681
Nyamira,596268,20000,-0.5739,34.95
Nyandarua,560000,20000,-0.0315,36.3667
Nyeri,730000,22000,-0.4167,36.95
Kirinyaga,550000,18000,-0.4417,37.4411
Murang'a,917000,20000,-0.7167,37.15
Laikipia,406600,15000,0.4167,36.95
Nandi,750000,20000,0.1,35.0
Kericho,750000,22000,-0.367,35.283
Bomet,850000,20000,-0.7667,35.3333
Kilifi,1453787,15000,-3.6333,39.85
Kwale,649931,12000,-4.1766,39.459
Lamu,80000,5000,-2.2711,40.9
Taita Taveta,344062,10000,-3.3969,38.3561
Garissa,623060,8000,-0.4526,39.647
Wajir,661143,8000,1.7485,40.0576
Mandera,425647,8000,3.9379,41.8561
Marsabit,291904,8000,2.3333,37.9833
Isiolo,181904,10000,0.3527,37.5822
Kitui,1012000,12000,-1.3667,38.0167
Makueni,884527,12000,-1.7833,37.7333
Embu,546487,15000,-0.5333,37.45
Tharaka Nithi,410189,8000,-0.2167,37.65
Busia,701037,10000,0.4542,34.11
Siaya,748048,12000,0.0597,34.2883
Homa Bay,963794,15000,-0.5263,34.458
Migori,796436,12000,-1.0658,34.4739
Vihiga,554622,15000,0.0908,34.742
Baringo,625537,8000,0.5,36.1167
Elgeyo Marakwet,432815,8000,0.5167,35.5333
Samburu,278656,8000,0.5333,37.5167
Trans Nzoia,818000,15000,1.0167,35.0
Turkana,855399,10000,3.414,35.567
West Pokot,512533,8000,1.2167,35.092
Narok,909186,12000,-1.0833,35.8833
Kajiado,687312,15000,-1.85,36.7833
Tana River,315954,8000,-1.4667,39.8167
