receipt_id,po_number,receipt_date,product_id,quantity_received,receiving_notes
GR-00000001,PO-00000001,1/24/2016,PROD-4472,81,Damaged in transit
GR-00000002,PO-00000001,1/28/2016,PROD-2811,54,
GR-00000003,PO-00000001,1/26/2016,PROD-2298,25,Wrong items
GR-00000004,PO-00000001,1/24/2016,PROD-4472,268,
GR-00000005,PO-00000001,1/24/2016,PROD-2811,111,Wrong items
GR-00000006,PO-00000001,2/6/2016,PROD-2811,224,OK
GR-00000007,PO-00000001,2/1/2016,PROD-0002,152,
GR-00000008,PO-00000001,2/3/2016,PROD-2690,190,OK
GR-00000009,PO-00000001,2/17/2016,PROD-2690,104,OK
GR-00000010,PO-00000002,1/26/2016,PROD-1909,120,
GR-00000011,PO-00000002,1/25/2016,PROD-0331,62,Wrong items
GR-00000012,PO-00000002,1/15/2016,PROD-1415,193,Qty mismatch
GR-00000013,PO-00000002,1/26/2016,PROD-1762,145,
GR-00000014,PO-00000002,1/25/2016,PROD-2200,245,Wrong items
GR-00000015,PO-00000002,1/16/2016,PROD-1028,50,
GR-00000016,PO-00000002,1/23/2016,PROD-2671,326,
GR-00000017,PO-00000002,1/28/2016,PROD-1824,107,Partial shipment
GR-00000018,PO-00000002,1/19/2016,PROD-1824,162,OK
GR-00000019,PO-00000002,2023-13-45,PROD-1209,33,
GR-00000020,PO-00000003,1/15/2016,PROD-1489,204,Wrong items
GR-00000021,PO-00000003,1/18/2016,PROD-2011,168,Partial shipment
GR-00000022,PO-00000003,1/17/2016,PROD-2011,-207,Partial shipment
GR-00000023,PO-00000003,1/11/2016,PROD-2697,191,OK
GR-00000024,PO-00000003,1/12/2016,PROD-3145,133,
GR-00000025,PO-00000003,1/28/2016,PROD-3145,208,Partial shipment
GR-00000026,PO-00000003,1/30/2016,PROD-3145,120,OK
GR-00000027,PO-00000003,1/24/2016,PROD-2011,46,OK
GR-00000028,PO-00000003,1/17/2016,PROD-0539,283,Wrong items
GR-00000029,PO-00000003,1/23/2016,PROD-0539,246,Wrong items
GR-00000030,PO-00000003,1/17/2016,PROD-2011,-362,OK
GR-00000031,PO-00000004,1/28/2016,PROD-1277,26,
GR-00000032,PO-00000004,2/20/2016,PROD-2219,66,Partial shipment
GR-00000033,PO-00000004,1/28/2016,PROD-2219,54,OK
GR-00000034,PO-00000004,2/9/2016,PROD-1982,458,Wrong items
GR-00000035,PO-00000004,1/26/2016,PROD-0448,345,
GR-00000036,PO-00000004,2/3/2016,PROD-2513,244,Damaged in transit
GR-00000037,PO-00000004,2/8/2016,PROD-2253,136,OK
GR-00000038,PO-00000004,2/3/2016,PROD-1561,144,Wrong items
GR-00000039,PO-00000004,2/15/2016,PROD-1099,-265,OK
GR-00000040,PO-00000004,2/11/2016,PROD-1099,251,Partial shipment
GR-00000041,PO-00000005,1/20/2016,PROD-2876,56,OK
GR-00000042,PO-00000005,1/9/2016,PROD-1114,66,Wrong items
GR-00000043,PO-00000005,1/9/2016,PROD-2242,415,
