po_number,line_number,product_id,quantity_ordered,unit_price,line_total
PO-00000001,1,PROD-4472,81,41213.73047,3338312.168
PO-00000001,2,PROD-2811,54,42589.37144,2299826.058
PO-00000001,3,PROD-2298,25,728.1098829,18202.74707
PO-00000001,4,PROD-4472,268,40155.52004,10761679.37
PO-00000001,5,PROD-2811,111,43639.58815,4843994.285
PO-00000001,6,PROD-2811,224,39493.34932,8846510.249
PO-00000001,7,PROD-0002,152,8836.739962,1343184.474
PO-00000001,8,PROD-2690,398,735.9171302,292895.0178
PO-00000002,1,PROD-1909,120,1494.174025,179300.883
PO-00000002,2,PROD-0331,62,751.336478,46582.86164
PO-00000002,3,PROD-1415,193,13250.69533,2557384.198
PO-00000002,4,PROD-1762,145,352.4782314,51109.34355
PO-00000002,5,PROD-2200,245,1184.45034,290190.3333
PO-00000002,6,PROD-1028,50,5082.9086,254145.43
PO-00000002,7,PROD-2671,326,42489.57711,13851602.14
PO-00000002,8,PROD-1824,305,213.3677468,65077.16277
PO-00000002,9,PROD-1209,33,9807.133205,323635.3958
PO-00000003,1,PROD-1489,204,48.61110344,9916.665101
PO-00000003,2,PROD-2011,437,235.4967961,102912.0999
PO-00000003,3,PROD-2697,191,1333.939609,254782.4654
PO-00000003,4,PROD-3145,369,13140.47025,4848833.523
PO-00000003,5,PROD-2011,46,247.3228137,11376.84943
PO-00000003,6,PROD-0539,283,429.0289373,121415.1892
PO-00000003,7,PROD-0539,246,400.3398012,98483.59109
PO-00000003,8,PROD-2011,-362,-244.7968232,-88616.45
PO-00000004,1,PROD-1277,26,58498.87798,1520970.827
PO-00000004,2,PROD-2219,147,261.3047091,38411.79224
PO-00000004,3,PROD-1982,458,2382.541399,1091203.961
