competitor_id,competitor_name,headquarters,estimated_stores
COMP-001,Nakumatt Holdings,"Onyango, Kigen and Abdullahi",193
COMP-002,Quickmart,Kanini Ltd,58
COMP-003,Carrefour Kenya,"Kananu, Ali and Rono",36
COMP-004,Tuskys Supermarket,Kamau and Sons,219
COMP-005,Naivas Ltd,"Ndirangu, Mohammed and Samuel",100
COMP-006,Eastmatt,"Kuria, Ahmed and Wanjohi",92
COMP-007,Machakos Kitchen,Keter and Sons,87
COMP-008,Jumia Fresh,"Rono, Wanjala and Ouma",65
COMP-009,Safaricom Retail,Omondi-Mwendwa,218
COMP-010,Equity Group Retail,Jelimo-Munyao,56
