competitor_store_id,competitor_id,location,county,size_category
CSTORE-000001,COMP-001,Nakumatt Holdings - Lake Wangariville,West Pokot,Small
CSTORE-000002,COMP-001,Nakumatt Holdings - Ochiengport,Siaya,Large
CSTORE-000003,COMP-001,Nakumatt Holdings - Kipkuruiland,Vihiga,Medium
CSTORE-000004,COMP-001,Nakumatt Holdings - Lake Joshuaport,Kisumu,Large
CSTORE-000005,COMP-001,Nakumatt Holdings - Port Abdiville,Uasin Gishu,Large
CSTORE-000006,COMP-001,Nakumatt Holdings - Wanjalastad,Kirinyaga,Small
CSTORE-000007,COMP-001,Nakumatt Holdings - West Wambui,Baringo,Large
CSTORE-000008,COMP-001,Nakumatt Holdings - Margaretland,Homa Bay,Large
CSTORE-000009,COMP-001,Nakumatt Holdings - New Susan,Kajiado,Small
CSTORE-000010,COMP-001,Nakumatt Holdings - South Clinton,Narok,Small
CSTORE-000011,COMP-001,Nakumatt Holdings - Lake Jacob,Mandera,Large
CSTORE-000012,COMP-001,Nakumatt Holdings - East Damarismouth,Isiolo,Small
CSTORE-000013,COMP-001,Nakumatt Holdings - Simiyuborough,Nandi,Large
CSTORE-000014,COMP-001,Nakumatt Holdings - Isaacfort,Kisii,Small
CSTORE-000015,COMP-001,Nakumatt Holdings - Githaigamouth,Marsabit,Medium
CSTORE-000016,COMP-001,Nakumatt Holdings - West Moses,Nandi,Large
CSTORE-000017,COMP-001,Nakumatt Holdings - Cynthiachester,Nyeri,Medium
CSTORE-000018,COMP-001,Nakumatt Holdings - Cherotichberg,Meru,Large
CSTORE-000019,COMP-001,Nakumatt Holdings - Aliton,Garissa,Large
CSTORE-000020,COMP-001,Nakumatt Holdings - East Mercychester,Lamu,Medium
CSTORE-000021,COMP-001,Nakumatt Holdings - South Kennethmouth,Baringo,Medium
CSTORE-000022,COMP-001,Nakumatt Holdings - Phylistown,Kisumu,Small
CSTORE-000023,COMP-001,Nakumatt Holdings - Lake Rosemaryview,Kitui,Small
CSTORE-000024,COMP-001,Nakumatt Holdings - Mohamedchester,Machakos,Medium
CSTORE-000025,COMP-001,Nakumatt Holdings - South John,Uasin Gishu,Small
CSTORE-000026,COMP-001,Nakumatt Holdings - Velmaburgh,Kericho,Small
CSTORE-000027,COMP-001,Nakumatt Holdings - Port Faithhaven,Elgeyo Marakwet,Medium
CSTORE-000028,COMP-001,Nakumatt Holdings - East Nelson,Migori,Large
CSTORE-000029,COMP-001,Nakumatt Holdings - New Phoebe,Kajiado,Large
CSTORE-000030,COMP-001,Nakumatt Holdings - New Jacobtown,Kisumu,Small
CSTORE-000031,COMP-001,Nakumatt Holdings - West Gloriaport,Kirinyaga,Medium
CSTORE-000032,COMP-001,Nakumatt Holdings - North Amos,Uasin Gishu,Large
CSTORE-000033,COMP-001,Nakumatt Holdings - North Jacklineland,Meru,Medium
CSTORE-000034,COMP-001,Nakumatt Holdings - East Elizabeth,Nandi,Medium
CSTORE-000035,COMP-001,Nakumatt Holdings - West Danson,Samburu,Medium
CSTORE-000036,COMP-001,Nakumatt Holdings - Nyangaresiside,Kisii,Medium
CSTORE-000037,COMP-001,Nakumatt Holdings - Lake Omondi,Lamu,Large
CSTORE-000038,COMP-001,Nakumatt Holdings - Machariahaven,Turkana,Medium
CSTORE-000039,COMP-001,Nakumatt Holdings - Jumabury,Narok,Small
CSTORE-000040,COMP-001,Nakumatt Holdings - West Josephside,Trans Nzoia,Large
CSTORE-000041,COMP-001,Nakumatt Holdings - New Ali,Baringo,Small
CSTORE-000042,COMP-001,Nakumatt Holdings - Lake Mercybury,Kisii,Small
CSTORE-000043,COMP-001,Nakumatt Holdings - North Teresialand,Tana River,Large
CSTORE-000044,COMP-001,Nakumatt Holdings - West Grace,Kisii,Medium
CSTORE-000045,COMP-001,Nakumatt Holdings - New Victor,Garissa,Medium
CSTORE-000046,COMP-001,Nakumatt Holdings - Abdullahifort,Samburu,Small
CSTORE-000047,COMP-001,Nakumatt Holdings - Akinyiville,Homa Bay,Large
CSTORE-000048,COMP-001,Nakumatt Holdings - Awuorchester,West Pokot,Medium
CSTORE-000049,COMP-001,Nakumatt Holdings - Thomaston,Nakuru,Large
CSTORE-000050,COMP-001,Nakumatt Holdings - North Abrahammouth,Kisumu,Medium
CSTORE-000051,COMP-001,Nakumatt Holdings - East Patrickside,Wajir,Medium
CSTORE-000052,COMP-001,Nakumatt Holdings - Abdiburgh,Kiambu,Large
CSTORE-000053,COMP-001,Nakumatt Holdings - Oscarland,Migori,Small
CSTORE-000054,COMP-001,Nakumatt Holdings - Jepkemboiside,Kilifi,Large
CSTORE-000055,COMP-001,Nakumatt Holdings - North Estherside,Trans Nzoia,Medium
CSTORE-000056,COMP-001,Nakumatt Holdings - North Aishabury,Wajir,Small
CSTORE-000057,COMP-001,Nakumatt Holdings - South Kiprono,Kitui,Large
CSTORE-000058,COMP-001,Nakumatt Holdings - Port Simiyu,Laikipia,Large
CSTORE-000059,COMP-001,Nakumatt Holdings - East Clintonfurt,Murang'a,Small
CSTORE-000060,COMP-001,Nakumatt Holdings - Aishamouth,Homa Bay,Small
CSTORE-000061,COMP-001,Nakumatt Holdings - Leonardside,Laikipia,Small
CSTORE-000062,COMP-001,Nakumatt Holdings - Atienoport,Vihiga,Medium
CSTORE-000063,COMP-001,Nakumatt Holdings - North Muia,Vihiga,Medium
CSTORE-000064,COMP-001,Nakumatt Holdings - Lake Kamauton,Taita Taveta,Large
CSTORE-000065,COMP-001,Nakumatt Holdings - Mwanikihaven,Kakamega,Small
CSTORE-000066,COMP-001,Nakumatt Holdings - North Penina,Embu,Large
CSTORE-000067,COMP-001,Nakumatt Holdings - Port Georgeland,Nakuru,Large
CSTORE-000068,COMP-001,Nakumatt Holdings - South Emmanuel,Bungoma,Small
CSTORE-000069,COMP-001,Nakumatt Holdings - New Tsuma,Kisii,Small
CSTORE-000070,COMP-001,Nakumatt Holdings - South Elizabethshire,Marsabit,Small
CSTORE-000071,COMP-001,Nakumatt Holdings - Immaculateborough,Kiambu,Medium
CSTORE-000072,COMP-001,Nakumatt Holdings - Robertfurt,Garissa,Small
CSTORE-000073,COMP-001,Nakumatt Holdings - Lake Sharon,Kitui,Small
CSTORE-000074,COMP-001,Nakumatt Holdings - Karanjaland,Laikipia,Small
CSTORE-000075,COMP-001,Nakumatt Holdings - South Faithshire,Nairobi,Small
CSTORE-000076,COMP-001,Nakumatt Holdings - North Feisalhaven,Tana River,Large
CSTORE-000077,COMP-001,Nakumatt Holdings - Victorstad,West Pokot,Small
CSTORE-000078,COMP-001,Nakumatt Holdings - East Omarburgh,Nandi,Small
CSTORE-000079,COMP-001,Nakumatt Holdings - Charlesport,Kwale,Large
CSTORE-000080,COMP-001,Nakumatt Holdings - Lake Abigaelport,Kericho,Medium
CSTORE-000081,COMP-001,Nakumatt Holdings - East Jacksonville,Kisii,Medium
CSTORE-000082,COMP-001,Nakumatt Holdings - West Richard,Nairobi,Small
CSTORE-000083,COMP-001,Nakumatt Holdings - Lake Salim,Tana River,Medium
CSTORE-000084,COMP-001,Nakumatt Holdings - Issackview,Tharaka Nithi,Large
CSTORE-000085,COMP-001,Nakumatt Holdings - North Mercyview,Tharaka Nithi,Large
CSTORE-000086,COMP-001,Nakumatt Holdings - North Timothyberg,Samburu,Medium
CSTORE-000087,COMP-001,Nakumatt Holdings - Francismouth,Samburu,Small
CSTORE-000088,COMP-001,Nakumatt Holdings - Mohammedville,Baringo,Large
CSTORE-000089,COMP-001,Nakumatt Holdings - Lake Veronicahside,Bungoma,Medium
CSTORE-000090,COMP-001,Nakumatt Holdings - Port Wanjikuside,Kisii,Small
CSTORE-000091,COMP-001,Nakumatt Holdings - South Paul,Busia,Large
CSTORE-000092,COMP-001,Nakumatt Holdings - Ismailton,Baringo,Medium
CSTORE-000093,COMP-001,Nakumatt Holdings - Isaacbury,Embu,Large
CSTORE-000094,COMP-001,Nakumatt Holdings - West Vivianchester,Machakos,Medium
CSTORE-000095,COMP-001,Nakumatt Holdings - East Rebecca,Bomet,Large
CSTORE-000096,COMP-001,Nakumatt Holdings - South Joseph,Nakuru,Large
CSTORE-000097,COMP-001,Nakumatt Holdings - Lydiachester,Migori,Large
CSTORE-000098,COMP-001,Nakumatt Holdings - West Francis,Uasin Gishu,Small
CSTORE-000099,COMP-001,Nakumatt Holdings - South Julietfort,Embu,Large
CSTORE-000100,COMP-001,Nakumatt Holdings - East Abigael,Siaya,Large
CSTORE-000101,COMP-001,Nakumatt Holdings - Njokibury,Kakamega,Small
CSTORE-000102,COMP-001,Nakumatt Holdings - North Elizabeth,Makueni,Small
CSTORE-000103,COMP-001,Nakumatt Holdings - Wekesaland,Kisii,Medium
CSTORE-000104,COMP-001,Nakumatt Holdings - Edwardhaven,Busia,Small
CSTORE-000105,COMP-001,Nakumatt Holdings - Wereside,Marsabit,Large
CSTORE-000106,COMP-001,Nakumatt Holdings - Habibaville,Siaya,Small
CSTORE-000107,COMP-001,Nakumatt Holdings - Simonview,Narok,Large
CSTORE-000108,COMP-001,Nakumatt Holdings - North Njuestad,Kajiado,Medium
CSTORE-000109,COMP-001,Nakumatt Holdings - Eliashaven,Wajir,Small
CSTORE-000110,COMP-001,Nakumatt Holdings - South Raelborough,Trans Nzoia,Medium
CSTORE-000111,COMP-001,Nakumatt Holdings - Brianchester,Isiolo,Small
CSTORE-000112,COMP-001,Nakumatt Holdings - New Jelagatside,Isiolo,Large
CSTORE-000113,COMP-001,Nakumatt Holdings - West Douglas,Murang'a,Large
CSTORE-000114,COMP-001,Nakumatt Holdings - Faithville,Kiambu,Medium
CSTORE-000115,COMP-001,Nakumatt Holdings - Nathanchester,Mombasa,Small
CSTORE-000116,COMP-001,Nakumatt Holdings - Abrahamport,Homa Bay,Large
CSTORE-000117,COMP-001,Nakumatt Holdings - East Bernard,Vihiga,Large
CSTORE-000118,COMP-001,Nakumatt Holdings - Kwambokaburgh,Nairobi,Large
CSTORE-000119,COMP-001,Nakumatt Holdings - Hamisitown,Kajiado,Small
CSTORE-000120,COMP-001,Nakumatt Holdings - Antonychester,Nakuru,Large
CSTORE-000121,COMP-001,Nakumatt Holdings - Kiprotichmouth,Kiambu,Large
CSTORE-000122,COMP-001,Nakumatt Holdings - New Kiptoo,Kwale,Large
CSTORE-000123,COMP-001,Nakumatt Holdings - Lake Daniel,Tharaka Nithi,Large
CSTORE-000124,COMP-001,Nakumatt Holdings - Kelvinbury,Nandi,Small
CSTORE-000125,COMP-001,Nakumatt Holdings - Felixborough,Embu,Large
CSTORE-000126,COMP-001,Nakumatt Holdings - North Brian,Siaya,Large
CSTORE-000127,COMP-001,Nakumatt Holdings - Makenaland,Tana River,Small
CSTORE-000128,COMP-001,Nakumatt Holdings - Mwendeshire,Migori,Medium
CSTORE-000129,COMP-001,Nakumatt Holdings - Lake Nancy,Murang'a,Medium
CSTORE-000130,COMP-001,Nakumatt Holdings - Kiprotichberg,Mandera,Large
CSTORE-000131,COMP-001,Nakumatt Holdings - Port Teresiaville,Meru,Large
CSTORE-000132,COMP-001,Nakumatt Holdings - Ahmedhaven,Turkana,Medium
CSTORE-000133,COMP-001,Nakumatt Holdings - Mwangibury,Lamu,Medium
CSTORE-000134,COMP-001,Nakumatt Holdings - South Victormouth,Mandera,Medium
CSTORE-000135,COMP-001,Nakumatt Holdings - Getrudemouth,Tana River,Large
CSTORE-000136,COMP-001,Nakumatt Holdings - Bahatiside,West Pokot,Small
CSTORE-000137,COMP-001,Nakumatt Holdings - Muchaifort,Trans Nzoia,Large
CSTORE-000138,COMP-001,Nakumatt Holdings - Njugunabury,Nakuru,Medium
CSTORE-000139,COMP-001,Nakumatt Holdings - Irenehaven,Tana River,Medium
CSTORE-000140,COMP-001,Nakumatt Holdings - Mutheuview,Meru,Large
CSTORE-000141,COMP-001,Nakumatt Holdings - Ochiengport,Nyandarua,Large
CSTORE-000142,COMP-001,Nakumatt Holdings - West Adan,Siaya,Medium
CSTORE-000143,COMP-001,Nakumatt Holdings - East Wanjirufurt,Kakamega,Medium
CSTORE-000144,COMP-001,Nakumatt Holdings - Lake Edwin,Nyamira,Medium
CSTORE-000145,COMP-001,Nakumatt Holdings - Mburuside,Kitui,Large
CSTORE-000146,COMP-001,Nakumatt Holdings - Mwendeborough,Kiambu,Medium
CSTORE-000147,COMP-001,Nakumatt Holdings - Wawerushire,Homa Bay,Large
CSTORE-000148,COMP-001,Nakumatt Holdings - Port Irineshire,Nakuru,Small
CSTORE-000149,COMP-001,Nakumatt Holdings - Muriukistad,Siaya,Large
CSTORE-000150,COMP-001,Nakumatt Holdings - Brendachester,Uasin Gishu,Large
CSTORE-000151,COMP-001,Nakumatt Holdings - South Ali,Kisii,Medium
CSTORE-000152,COMP-001,Nakumatt Holdings - Saidfurt,Embu,Medium
CSTORE-000153,COMP-001,Nakumatt Holdings - Gracefurt,Nyeri,Medium
CSTORE-000154,COMP-001,Nakumatt Holdings - Port Kinyua,Nakuru,Large
CSTORE-000155,COMP-001,Nakumatt Holdings - New Clement,Garissa,Large
CSTORE-000156,COMP-001,Nakumatt Holdings - Davidtown,Garissa,Medium
CSTORE-000157,COMP-001,Nakumatt Holdings - Lake Saidmouth,Kitui,Medium
CSTORE-000158,COMP-001,Nakumatt Holdings - North Fredrick,Marsabit,Small
CSTORE-000159,COMP-001,Nakumatt Holdings - Isaacmouth,Tana River,Small
CSTORE-000160,COMP-001,Nakumatt Holdings - Naomifurt,Turkana,Small
CSTORE-000161,COMP-001,Nakumatt Holdings - Catherinechester,Embu,Large
CSTORE-000162,COMP-001,Nakumatt Holdings - Leahfort,Nyandarua,Medium
CSTORE-000163,COMP-001,Nakumatt Holdings - Lake Alphoncestad,Nyeri,Large
CSTORE-000164,COMP-001,Nakumatt Holdings - Lake James,Vihiga,Small
CSTORE-000165,COMP-001,Nakumatt Holdings - Port Peterbury,Siaya,Large
CSTORE-000166,COMP-001,Nakumatt Holdings - Port Joseph,Kilifi,Large
CSTORE-000167,COMP-001,Nakumatt Holdings - East Paul,Nakuru,Small
CSTORE-000168,COMP-001,Nakumatt Holdings - New Harrietmouth,Makueni,Small
CSTORE-000169,COMP-001,Nakumatt Holdings - Aliceburgh,Busia,Large
CSTORE-000170,COMP-001,Nakumatt Holdings - Port Judithport,Nakuru,Small
CSTORE-000171,COMP-001,Nakumatt Holdings - New Josephport,Uasin Gishu,Large
CSTORE-000172,COMP-001,Nakumatt Holdings - Ngugiborough,Kiambu,Small
CSTORE-000173,COMP-001,Nakumatt Holdings - New Christinebury,Kiambu,Small
CSTORE-000174,COMP-001,Nakumatt Holdings - Lake Fatumaville,Murang'a,Medium
CSTORE-000175,COMP-001,Nakumatt Holdings - West Rizikistad,Machakos,Small
CSTORE-000176,COMP-001,Nakumatt Holdings - New Esthertown,Murang'a,Small
CSTORE-000177,COMP-001,Nakumatt Holdings - Obonyoville,Baringo,Large
CSTORE-000178,COMP-001,Nakumatt Holdings - Kabirumouth,Elgeyo Marakwet,Large
CSTORE-000179,COMP-001,Nakumatt Holdings - South Alex,Mandera,Small
CSTORE-000180,COMP-001,Nakumatt Holdings - Faithside,Vihiga,Small
CSTORE-000181,COMP-001,Nakumatt Holdings - Chepkorirshire,Busia,Medium
CSTORE-000182,COMP-001,Nakumatt Holdings - Hillarybury,Laikipia,Large
CSTORE-000183,COMP-001,Nakumatt Holdings - West Winfredbury,Turkana,Small
CSTORE-000184,COMP-001,Nakumatt Holdings - Odongofurt,Kilifi,Large
CSTORE-000185,COMP-001,Nakumatt Holdings - Petermouth,Laikipia,Medium
CSTORE-000186,COMP-001,Nakumatt Holdings - South Isaac,Kakamega,Small
CSTORE-000187,COMP-001,Nakumatt Holdings - Wafulaview,Trans Nzoia,Medium
CSTORE-000188,COMP-001,Nakumatt Holdings - New Harrietland,Kitui,Medium
CSTORE-000189,COMP-001,Nakumatt Holdings - Lake Hamisi,Kiambu,Large
CSTORE-000190,COMP-001,Nakumatt Holdings - Lake Onesmus,Kitui,Small
CSTORE-000191,COMP-001,Nakumatt Holdings - Mutaitown,Migori,Large
CSTORE-000192,COMP-001,Nakumatt Holdings - West Erickbury,Kiambu,Small
CSTORE-000193,COMP-001,Nakumatt Holdings - Janestad,Nyeri,Small
CSTORE-000194,COMP-002,Quickmart - Chemutaistad,Laikipia,Large
CSTORE-000195,COMP-002,Quickmart - Lumbasiside,Lamu,Large
CSTORE-000196,COMP-002,Quickmart - Edwardmouth,Murang'a,Medium
CSTORE-000197,COMP-002,Quickmart - Wilsonbury,Kericho,Large
CSTORE-000198,COMP-002,Quickmart - Lake Patrickville,Isiolo,Small
CSTORE-000199,COMP-002,Quickmart - East Edwin,Kajiado,Medium
CSTORE-000200,COMP-002,Quickmart - Wanjalashire,Elgeyo Marakwet,Small
CSTORE-000201,COMP-002,Quickmart - Jenniferborough,Busia,Large
CSTORE-000202,COMP-002,Quickmart - Joshuaburgh,Turkana,Small
CSTORE-000203,COMP-002,Quickmart - Josephside,Bomet,Small
CSTORE-000204,COMP-002,Quickmart - West Brian,Meru,Large
CSTORE-000205,COMP-002,Quickmart - New Williamberg,Laikipia,Large
CSTORE-000206,COMP-002,Quickmart - Omonditown,Meru,Small
CSTORE-000207,COMP-002,Quickmart - Aronmouth,Homa Bay,Large
CSTORE-000208,COMP-002,Quickmart - Georgeton,Nandi,Medium
CSTORE-000209,COMP-002,Quickmart - Neemafort,Baringo,Large
CSTORE-000210,COMP-002,Quickmart - Port Jamesfort,Kajiado,Medium
CSTORE-000211,COMP-002,Quickmart - New Mercyton,Nyeri,Small
CSTORE-000212,COMP-002,Quickmart - East Emily,Samburu,Medium
CSTORE-000213,COMP-002,Quickmart - Stephenbury,Tharaka Nithi,Medium
CSTORE-000214,COMP-002,Quickmart - New Irenebury,Laikipia,Large
CSTORE-000215,COMP-002,Quickmart - Cheronomouth,Uasin Gishu,Small
CSTORE-000216,COMP-002,Quickmart - Teresiachester,Marsabit,Medium
CSTORE-000217,COMP-002,Quickmart - Tysonton,Kisumu,Large
CSTORE-000218,COMP-002,Quickmart - Port Mwangiborough,Kwale,Large
CSTORE-000219,COMP-002,Quickmart - Elizabethburgh,Samburu,Medium
CSTORE-000220,COMP-002,Quickmart - East Kemboi,Kisii,Small
CSTORE-000221,COMP-002,Quickmart - North Gabriel,Isiolo,Small
CSTORE-000222,COMP-002,Quickmart - Chebetbury,Kajiado,Medium
CSTORE-000223,COMP-002,Quickmart - Annmouth,Homa Bay,Large
CSTORE-000224,COMP-002,Quickmart - Lake Abdiview,Machakos,Large
CSTORE-000225,COMP-002,Quickmart - South Dennis,Narok,Large
CSTORE-000226,COMP-002,Quickmart - Lake Wanjiru,Siaya,Large
CSTORE-000227,COMP-002,Quickmart - Nafulaland,Taita Taveta,Small
CSTORE-000228,COMP-002,Quickmart - East Hellenshire,Homa Bay,Large
CSTORE-000229,COMP-002,Quickmart - Mathewmouth,Marsabit,Large
CSTORE-000230,COMP-002,Quickmart - Nancyview,Kisumu,Medium
CSTORE-000231,COMP-002,Quickmart - Wachiraton,Taita Taveta,Large
CSTORE-000232,COMP-002,Quickmart - Nziokaview,Lamu,Large
CSTORE-000233,COMP-002,Quickmart - North Joshuashire,West Pokot,Large
CSTORE-000234,COMP-002,Quickmart - Port Graceview,Turkana,Large
CSTORE-000235,COMP-002,Quickmart - Port Brendafort,Lamu,Small
CSTORE-000236,COMP-002,Quickmart - Kunguburgh,Mandera,Small
CSTORE-000237,COMP-002,Quickmart - Kiariefort,Bungoma,Large
CSTORE-000238,COMP-002,Quickmart - South Elijahmouth,Kisii,Large
CSTORE-000239,COMP-002,Quickmart - Graceburgh,Mandera,Large
CSTORE-000240,COMP-002,Quickmart - Justusfort,Nyamira,Small
CSTORE-000241,COMP-002,Quickmart - Janefurt,Kwale,Medium
CSTORE-000242,COMP-002,Quickmart - South Stephenview,Turkana,Small
CSTORE-000243,COMP-002,Quickmart - Dennisfurt,Murang'a,Medium
CSTORE-000244,COMP-002,Quickmart - Lake Moraamouth,Kisii,Small
CSTORE-000245,COMP-002,Quickmart - Odhiambohaven,Meru,Medium
CSTORE-000246,COMP-002,Quickmart - Faithfort,Kisumu,Medium
CSTORE-000247,COMP-002,Quickmart - Mutheeborough,Kirinyaga,Large
CSTORE-000248,COMP-002,Quickmart - Tobiasport,Kitui,Medium
CSTORE-000249,COMP-002,Quickmart - Okechfort,Bomet,Large
CSTORE-000250,COMP-002,Quickmart - North Carrenbury,Kirinyaga,Large
CSTORE-000251,COMP-002,Quickmart - West Amani,Turkana,Large
CSTORE-000252,COMP-003,Carrefour Kenya - Aliville,Wajir,Medium
CSTORE-000253,COMP-003,Carrefour Kenya - Ruwaberg,Nandi,Large
CSTORE-000254,COMP-003,Carrefour Kenya - Samoeiport,Nandi,Medium
CSTORE-000255,COMP-003,Carrefour Kenya - Derrickfort,Trans Nzoia,Small
CSTORE-000256,COMP-003,Carrefour Kenya - Abdullahiside,Wajir,Small
CSTORE-000257,COMP-003,Carrefour Kenya - South Patrick,Siaya,Medium
CSTORE-000258,COMP-003,Carrefour Kenya - Port Samuel,Mombasa,Large
CSTORE-000259,COMP-003,Carrefour Kenya - Mutukuhaven,Laikipia,Large
CSTORE-000260,COMP-003,Carrefour Kenya - Judithport,Vihiga,Medium
CSTORE-000261,COMP-003,Carrefour Kenya - Anneshire,Kisumu,Large
CSTORE-000262,COMP-003,Carrefour Kenya - Athmanmouth,Baringo,Medium
CSTORE-000263,COMP-003,Carrefour Kenya - Owinoside,Lamu,Small
CSTORE-000264,COMP-003,Carrefour Kenya - Ndungumouth,Kilifi,Medium
CSTORE-000265,COMP-003,Carrefour Kenya - Lake Robert,Baringo,Small
CSTORE-000266,COMP-003,Carrefour Kenya - Adanchester,Machakos,Medium
CSTORE-000267,COMP-003,Carrefour Kenya - West Dianafurt,Migori,Large
CSTORE-000268,COMP-003,Carrefour Kenya - Gathogoberg,Laikipia,Large
CSTORE-000269,COMP-003,Carrefour Kenya - Kalekyeberg,Kajiado,Medium
CSTORE-000270,COMP-003,Carrefour Kenya - Moraamouth,Nairobi,Small
CSTORE-000271,COMP-003,Carrefour Kenya - New Nanjalatown,Siaya,Small
CSTORE-000272,COMP-003,Carrefour Kenya - South Everlyne,Tana River,Small
CSTORE-000273,COMP-003,Carrefour Kenya - North Aron,Turkana,Large
CSTORE-000274,COMP-003,Carrefour Kenya - Dominicfurt,Taita Taveta,Medium
CSTORE-000275,COMP-003,Carrefour Kenya - Port Gideonside,Kiambu,Small
CSTORE-000276,COMP-003,Carrefour Kenya - Mukundifort,Kwale,Small
CSTORE-000277,COMP-003,Carrefour Kenya - New Jamesport,Kilifi,Small
CSTORE-000278,COMP-003,Carrefour Kenya - Lake Stephen,Machakos,Small
CSTORE-000279,COMP-003,Carrefour Kenya - Port Mercyville,Bomet,Small
CSTORE-000280,COMP-003,Carrefour Kenya - Njorogeport,Bomet,Small
CSTORE-000281,COMP-003,Carrefour Kenya - North Jacobton,Mandera,Medium
CSTORE-000282,COMP-003,Carrefour Kenya - Gilbertchester,Wajir,Small
CSTORE-000283,COMP-003,Carrefour Kenya - East Muema,Kericho,Small
CSTORE-000284,COMP-003,Carrefour Kenya - East Alex,Kakamega,Large
CSTORE-000285,COMP-003,Carrefour Kenya - Josephbury,Mandera,Small
CSTORE-000286,COMP-003,Carrefour Kenya - Ogegaberg,Garissa,Small
CSTORE-000287,COMP-003,Carrefour Kenya - South Mercy,Nyamira,Small
CSTORE-000288,COMP-004,Tuskys Supermarket - Cheruiyottown,Migori,Medium
CSTORE-000289,COMP-004,Tuskys Supermarket - King'oriside,Wajir,Small
CSTORE-000290,COMP-004,Tuskys Supermarket - North Frankline,Nairobi,Medium
CSTORE-000291,COMP-004,Tuskys Supermarket - Jepkemoiport,Kericho,Large
CSTORE-000292,COMP-004,Tuskys Supermarket - Wesongamouth,Marsabit,Small
CSTORE-000293,COMP-004,Tuskys Supermarket - Collinsfurt,Baringo,Small
CSTORE-000294,COMP-004,Tuskys Supermarket - Omondifurt,Kilifi,Medium
CSTORE-000295,COMP-004,Tuskys Supermarket - Musauport,Isiolo,Medium
CSTORE-000296,COMP-004,Tuskys Supermarket - Port Elizabethview,West Pokot,Large
CSTORE-000297,COMP-004,Tuskys Supermarket - New Carenton,Tharaka Nithi,Medium
CSTORE-000298,COMP-004,Tuskys Supermarket - Masaiport,Kisii,Small
CSTORE-000299,COMP-004,Tuskys Supermarket - New Sheila,Uasin Gishu,Medium
CSTORE-000300,COMP-004,Tuskys Supermarket - Lake Otieno,Tharaka Nithi,Small
CSTORE-000301,COMP-004,Tuskys Supermarket - Ruthberg,Samburu,Small
CSTORE-000302,COMP-004,Tuskys Supermarket - Lake Sharonport,Kwale,Large
CSTORE-000303,COMP-004,Tuskys Supermarket - Mohamedstad,Murang'a,Small
CSTORE-000304,COMP-004,Tuskys Supermarket - North Edith,Bomet,Large
CSTORE-000305,COMP-004,Tuskys Supermarket - Cynthiaburgh,Nyandarua,Large
CSTORE-000306,COMP-004,Tuskys Supermarket - East Dorcas,Mombasa,Large
CSTORE-000307,COMP-004,Tuskys Supermarket - Muriukiview,Murang'a,Medium
CSTORE-000308,COMP-004,Tuskys Supermarket - West Zipporah,Elgeyo Marakwet,Large
CSTORE-000309,COMP-004,Tuskys Supermarket - Swalehport,Kitui,Medium
CSTORE-000310,COMP-004,Tuskys Supermarket - Maureenmouth,Samburu,Small
CSTORE-000311,COMP-004,Tuskys Supermarket - East Brendabury,Nyandarua,Small
CSTORE-000312,COMP-004,Tuskys Supermarket - Swalehside,Narok,Medium
CSTORE-000313,COMP-004,Tuskys Supermarket - Stephenfurt,Embu,Medium
CSTORE-000314,COMP-004,Tuskys Supermarket - West Mumomouth,Murang'a,Large
CSTORE-000315,COMP-004,Tuskys Supermarket - Graceview,Trans Nzoia,Small
CSTORE-000316,COMP-004,Tuskys Supermarket - Ndiritustad,Nairobi,Large
CSTORE-000317,COMP-004,Tuskys Supermarket - Lake Abditown,Marsabit,Large
CSTORE-000318,COMP-004,Tuskys Supermarket - Khadijabury,Nyamira,Small
CSTORE-000319,COMP-004,Tuskys Supermarket - Lake Tabithaport,Busia,Medium
CSTORE-000320,COMP-004,Tuskys Supermarket - Onyangoton,Nakuru,Small
CSTORE-000321,COMP-004,Tuskys Supermarket - West Bentaville,Murang'a,Large
CSTORE-000322,COMP-004,Tuskys Supermarket - East Jacintaberg,Kitui,Large
CSTORE-000323,COMP-004,Tuskys Supermarket - Kimutaiside,Kitui,Small
CSTORE-000324,COMP-004,Tuskys Supermarket - Ngangaberg,Busia,Small
CSTORE-000325,COMP-004,Tuskys Supermarket - Muhumedfort,Baringo,Medium
CSTORE-000326,COMP-004,Tuskys Supermarket - Mwinziview,Isiolo,Small
CSTORE-000327,COMP-004,Tuskys Supermarket - Lake Omarmouth,Tana River,Small
CSTORE-000328,COMP-004,Tuskys Supermarket - Njokastad,Marsabit,Small
CSTORE-000329,COMP-004,Tuskys Supermarket - Lake Christopherstad,Isiolo,Large
CSTORE-000330,COMP-004,Tuskys Supermarket - South Odhiamboville,Makueni,Medium
CSTORE-000331,COMP-004,Tuskys Supermarket - Aliborough,Laikipia,Large
CSTORE-000332,COMP-004,Tuskys Supermarket - North Dorcasbury,Samburu,Medium
CSTORE-000333,COMP-004,Tuskys Supermarket - Port Terry,Busia,Medium
CSTORE-000334,COMP-004,Tuskys Supermarket - Port Ireneborough,Samburu,Large
CSTORE-000335,COMP-004,Tuskys Supermarket - Port Moraa,Nandi,Medium
CSTORE-000336,COMP-004,Tuskys Supermarket - Gladystown,Kiambu,Small
CSTORE-000337,COMP-004,Tuskys Supermarket - Fridahberg,Kericho,Large
CSTORE-000338,COMP-004,Tuskys Supermarket - New Julius,Nandi,Medium
CSTORE-000339,COMP-004,Tuskys Supermarket - North Elizabeth,Kilifi,Small
CSTORE-000340,COMP-004,Tuskys Supermarket - East Josephbury,Uasin Gishu,Large
CSTORE-000341,COMP-004,Tuskys Supermarket - Josephview,Bungoma,Large
CSTORE-000342,COMP-004,Tuskys Supermarket - East Beatricehaven,Garissa,Small
CSTORE-000343,COMP-004,Tuskys Supermarket - Lake Jamesmouth,Bungoma,Small
CSTORE-000344,COMP-004,Tuskys Supermarket - Adenville,Nyeri,Large
CSTORE-000345,COMP-004,Tuskys Supermarket - Charoton,Mandera,Medium
CSTORE-000346,COMP-004,Tuskys Supermarket - Rodgerstown,Kwale,Small
CSTORE-000347,COMP-004,Tuskys Supermarket - South Daisychester,Kitui,Medium
CSTORE-000348,COMP-004,Tuskys Supermarket - South Lilianmouth,Nakuru,Large
CSTORE-000349,COMP-004,Tuskys Supermarket - North Hillaryberg,Mandera,Medium
CSTORE-000350,COMP-004,Tuskys Supermarket - East Ericshire,Vihiga,Small
CSTORE-000351,COMP-004,Tuskys Supermarket - Enockhaven,Mombasa,Small
CSTORE-000352,COMP-004,Tuskys Supermarket - Issachester,Garissa,Medium
CSTORE-000353,COMP-004,Tuskys Supermarket - Port Margaretside,Nairobi,Medium
CSTORE-000354,COMP-004,Tuskys Supermarket - South Nyambura,Bomet,Medium
CSTORE-000355,COMP-004,Tuskys Supermarket - South Dominic,Mandera,Small
CSTORE-000356,COMP-004,Tuskys Supermarket - Kiprotichville,Siaya,Small
CSTORE-000357,COMP-004,Tuskys Supermarket - Godfreyview,Kirinyaga,Medium
CSTORE-000358,COMP-004,Tuskys Supermarket - Phoebefort,Kirinyaga,Medium
CSTORE-000359,COMP-004,Tuskys Supermarket - North Millicentland,Marsabit,Medium
CSTORE-000360,COMP-004,Tuskys Supermarket - Kamaustad,Mombasa,Medium
CSTORE-000361,COMP-004,Tuskys Supermarket - New David,Kwale,Small
CSTORE-000362,COMP-004,Tuskys Supermarket - Gracechester,West Pokot,Medium
CSTORE-000363,COMP-004,Tuskys Supermarket - Josphinechester,Tana River,Large
CSTORE-000364,COMP-004,Tuskys Supermarket - West Marystad,Kitui,Large
CSTORE-000365,COMP-004,Tuskys Supermarket - New Harunberg,Elgeyo Marakwet,Small
CSTORE-000366,COMP-004,Tuskys Supermarket - Kimaniville,Mombasa,Medium
CSTORE-000367,COMP-004,Tuskys Supermarket - Yvonnestad,Vihiga,Small
CSTORE-000368,COMP-004,Tuskys Supermarket - Port Mainabury,Turkana,Large
CSTORE-000369,COMP-004,Tuskys Supermarket - Khalifside,Uasin Gishu,Small
CSTORE-000370,COMP-004,Tuskys Supermarket - New Naomyview,Marsabit,Large
CSTORE-000371,COMP-004,Tuskys Supermarket - East Ericport,Kitui,Large
CSTORE-000372,COMP-004,Tuskys Supermarket - Edwardburgh,Nakuru,Medium
CSTORE-000373,COMP-004,Tuskys Supermarket - New Elizabeth,Garissa,Medium
CSTORE-000374,COMP-004,Tuskys Supermarket - East Beatricetown,Nyeri,Medium
CSTORE-000375,COMP-004,Tuskys Supermarket - Lake Musembifurt,Kilifi,Medium
CSTORE-000376,COMP-004,Tuskys Supermarket - Kimutaiburgh,Garissa,Medium
CSTORE-000377,COMP-004,Tuskys Supermarket - Omondimouth,Mandera,Medium
CSTORE-000378,COMP-004,Tuskys Supermarket - North Michaelton,Uasin Gishu,Medium
CSTORE-000379,COMP-004,Tuskys Supermarket - West Wairimuchester,Mombasa,Small
CSTORE-000380,COMP-004,Tuskys Supermarket - Kipchirchirchester,Siaya,Large
CSTORE-000381,COMP-004,Tuskys Supermarket - Edwinhaven,Lamu,Large
CSTORE-000382,COMP-004,Tuskys Supermarket - West Musyokaport,Trans Nzoia,Large
CSTORE-000383,COMP-004,Tuskys Supermarket - Maalimport,Trans Nzoia,Large
CSTORE-000384,COMP-004,Tuskys Supermarket - East Solomonton,Mombasa,Large
CSTORE-000385,COMP-004,Tuskys Supermarket - East Ahmedborough,Nyandarua,Large
CSTORE-000386,COMP-004,Tuskys Supermarket - Port Benard,Elgeyo Marakwet,Large
CSTORE-000387,COMP-004,Tuskys Supermarket - Emmanuelfort,Murang'a,Large
CSTORE-000388,COMP-004,Tuskys Supermarket - Njerifurt,Makueni,Small
CSTORE-000389,COMP-004,Tuskys Supermarket - New Jimmy,Machakos,Small
CSTORE-000390,COMP-004,Tuskys Supermarket - Samuelton,Nyeri,Medium
CSTORE-000391,COMP-004,Tuskys Supermarket - Mohamedland,Narok,Medium
CSTORE-000392,COMP-004,Tuskys Supermarket - Silashire,Taita Taveta,Large
CSTORE-000393,COMP-004,Tuskys Supermarket - Kimeuchester,Baringo,Small
CSTORE-000394,COMP-004,Tuskys Supermarket - Dennistown,Kajiado,Large
CSTORE-000395,COMP-004,Tuskys Supermarket - Vincentmouth,Kisii,Medium
CSTORE-000396,COMP-004,Tuskys Supermarket - Stephenville,Meru,Small
CSTORE-000397,COMP-004,Tuskys Supermarket - South Kipkosgei,Mombasa,Medium
CSTORE-000398,COMP-004,Tuskys Supermarket - South Everlynemouth,Migori,Small
CSTORE-000399,COMP-004,Tuskys Supermarket - West Vivian,Garissa,Medium
CSTORE-000400,COMP-004,Tuskys Supermarket - New Mercyhaven,Kajiado,Large
CSTORE-000401,COMP-004,Tuskys Supermarket - Port Anthony,Kiambu,Small
CSTORE-000402,COMP-004,Tuskys Supermarket - East Ibrahim,Narok,Small
CSTORE-000403,COMP-004,Tuskys Supermarket - Evansberg,Murang'a,Large
CSTORE-000404,COMP-004,Tuskys Supermarket - East Karenfort,Narok,Medium
CSTORE-000405,COMP-004,Tuskys Supermarket - Cherutoshire,West Pokot,Small
CSTORE-000406,COMP-004,Tuskys Supermarket - Mutumashire,Machakos,Small
CSTORE-000407,COMP-004,Tuskys Supermarket - Rebeccamouth,Kisumu,Medium
CSTORE-000408,COMP-004,Tuskys Supermarket - South James,Siaya,Medium
CSTORE-000409,COMP-004,Tuskys Supermarket - Kilonzoview,Turkana,Medium
CSTORE-000410,COMP-004,Tuskys Supermarket - West Harunport,Kiambu,Small
CSTORE-000411,COMP-004,Tuskys Supermarket - Kimutaiton,Trans Nzoia,Medium
CSTORE-000412,COMP-004,Tuskys Supermarket - Millicentland,Nairobi,Medium
CSTORE-000413,COMP-004,Tuskys Supermarket - New Vitalisfurt,Embu,Large
CSTORE-000414,COMP-004,Tuskys Supermarket - Mueniton,Marsabit,Medium
CSTORE-000415,COMP-004,Tuskys Supermarket - Ngeishire,Samburu,Medium
CSTORE-000416,COMP-004,Tuskys Supermarket - West Mary,Kajiado,Large
CSTORE-000417,COMP-004,Tuskys Supermarket - North Yusuf,Marsabit,Large
CSTORE-000418,COMP-004,Tuskys Supermarket - Leilaland,Tana River,Small
CSTORE-000419,COMP-004,Tuskys Supermarket - North Hassan,Trans Nzoia,Medium
CSTORE-000420,COMP-004,Tuskys Supermarket - Kaimenyihaven,Elgeyo Marakwet,Small
CSTORE-000421,COMP-004,Tuskys Supermarket - West Mutua,Makueni,Medium
CSTORE-000422,COMP-004,Tuskys Supermarket - Rashidmouth,Marsabit,Small
CSTORE-000423,COMP-004,Tuskys Supermarket - Port Mercymouth,Vihiga,Medium
CSTORE-000424,COMP-004,Tuskys Supermarket - West Kelvinfurt,Kilifi,Large
CSTORE-000425,COMP-004,Tuskys Supermarket - Juliusberg,Uasin Gishu,Medium
CSTORE-000426,COMP-004,Tuskys Supermarket - Danielberg,Isiolo,Large
CSTORE-000427,COMP-004,Tuskys Supermarket - Husseinfurt,Kitui,Small
CSTORE-000428,COMP-004,Tuskys Supermarket - New Ann,Elgeyo Marakwet,Small
CSTORE-000429,COMP-004,Tuskys Supermarket - West Wanjamouth,Garissa,Medium
CSTORE-000430,COMP-004,Tuskys Supermarket - Lake Margaret,Mombasa,Medium
CSTORE-000431,COMP-004,Tuskys Supermarket - Lake Gracehaven,Kilifi,Large
CSTORE-000432,COMP-004,Tuskys Supermarket - Josephport,Embu,Large
CSTORE-000433,COMP-004,Tuskys Supermarket - East Salim,Lamu,Medium
CSTORE-000434,COMP-004,Tuskys Supermarket - Wafulaberg,Kwale,Medium
CSTORE-000435,COMP-004,Tuskys Supermarket - North Philip,Baringo,Small
CSTORE-000436,COMP-004,Tuskys Supermarket - New Fatumahaven,Nandi,Small
CSTORE-000437,COMP-004,Tuskys Supermarket - Lake Sammyberg,Nairobi,Small
CSTORE-000438,COMP-004,Tuskys Supermarket - Atienoburgh,Nyandarua,Large
CSTORE-000439,COMP-004,Tuskys Supermarket - Lake Macharia,Murang'a,Small
CSTORE-000440,COMP-004,Tuskys Supermarket - Cherotichbury,Mandera,Medium
CSTORE-000441,COMP-004,Tuskys Supermarket - Njogumouth,Homa Bay,Large
CSTORE-000442,COMP-004,Tuskys Supermarket - New Robert,Narok,Medium
CSTORE-000443,COMP-004,Tuskys Supermarket - Esinyenborough,Trans Nzoia,Small
CSTORE-000444,COMP-004,Tuskys Supermarket - Ruthshire,Embu,Medium
CSTORE-000445,COMP-004,Tuskys Supermarket - Ndung'uport,Mombasa,Large
CSTORE-000446,COMP-004,Tuskys Supermarket - Mwanikichester,Kericho,Large
CSTORE-000447,COMP-004,Tuskys Supermarket - Port Collins,Wajir,Small
CSTORE-000448,COMP-004,Tuskys Supermarket - Port Julius,Murang'a,Medium
CSTORE-000449,COMP-004,Tuskys Supermarket - Kimaiyoside,Turkana,Small
CSTORE-000450,COMP-004,Tuskys Supermarket - Lake Yvonneville,Taita Taveta,Medium
CSTORE-000451,COMP-004,Tuskys Supermarket - Danielburgh,Homa Bay,Small
CSTORE-000452,COMP-004,Tuskys Supermarket - Karanjahaven,Lamu,Medium
CSTORE-000453,COMP-004,Tuskys Supermarket - Port Macharia,Homa Bay,Medium
CSTORE-000454,COMP-004,Tuskys Supermarket - Port Nyambura,Lamu,Small
CSTORE-000455,COMP-004,Tuskys Supermarket - Anyangochester,Kitui,Medium
CSTORE-000456,COMP-004,Tuskys Supermarket - South Mulibury,Bomet,Medium
CSTORE-000457,COMP-004,Tuskys Supermarket - Onyiegostad,Kirinyaga,Large
CSTORE-000458,COMP-004,Tuskys Supermarket - North Geoffrey,Tana River,Large
CSTORE-000459,COMP-004,Tuskys Supermarket - Port Joycemouth,Kilifi,Large
CSTORE-000460,COMP-004,Tuskys Supermarket - East Peter,Siaya,Small
CSTORE-000461,COMP-004,Tuskys Supermarket - Muthuiberg,Nyamira,Large
CSTORE-000462,COMP-004,Tuskys Supermarket - Mutaitown,Nyeri,Small
CSTORE-000463,COMP-004,Tuskys Supermarket - North Benardberg,Makueni,Medium
CSTORE-000464,COMP-004,Tuskys Supermarket - Onyangoport,Tana River,Small
CSTORE-000465,COMP-004,Tuskys Supermarket - West Emmanuel,Busia,Small
CSTORE-000466,COMP-004,Tuskys Supermarket - South Sharon,Kericho,Large
CSTORE-000467,COMP-004,Tuskys Supermarket - Mainafort,Nyandarua,Medium
CSTORE-000468,COMP-004,Tuskys Supermarket - Lake Danbury,Kirinyaga,Medium
CSTORE-000469,COMP-004,Tuskys Supermarket - West Said,Nyamira,Medium
CSTORE-000470,COMP-004,Tuskys Supermarket - Amoschester,Nairobi,Small
CSTORE-000471,COMP-004,Tuskys Supermarket - Lake Grace,Siaya,Large
CSTORE-000472,COMP-004,Tuskys Supermarket - Jameshaven,Nandi,Large
CSTORE-000473,COMP-004,Tuskys Supermarket - South Josphineton,Nakuru,Small
CSTORE-000474,COMP-004,Tuskys Supermarket - Kimosopview,Kericho,Small
CSTORE-000475,COMP-004,Tuskys Supermarket - West Joanstad,Kakamega,Small
CSTORE-000476,COMP-004,Tuskys Supermarket - Lake Elizabeth,Embu,Large
CSTORE-000477,COMP-004,Tuskys Supermarket - Port Miltonmouth,Nairobi,Small
CSTORE-000478,COMP-004,Tuskys Supermarket - North Josphat,Kericho,Medium
CSTORE-000479,COMP-004,Tuskys Supermarket - Miriamburgh,Makueni,Medium
CSTORE-000480,COMP-004,Tuskys Supermarket - Ombasafort,Kwale,Large
CSTORE-000481,COMP-004,Tuskys Supermarket - Port Victor,Nakuru,Medium
CSTORE-000482,COMP-004,Tuskys Supermarket - Mwangiborough,Makueni,Large
CSTORE-000483,COMP-004,Tuskys Supermarket - Port Collinston,Kiambu,Medium
CSTORE-000484,COMP-004,Tuskys Supermarket - Mirriamhaven,Embu,Large
CSTORE-000485,COMP-004,Tuskys Supermarket - Kiptuiside,Migori,Small
CSTORE-000486,COMP-004,Tuskys Supermarket - Cheruiyotborough,West Pokot,Large
CSTORE-000487,COMP-004,Tuskys Supermarket - Stanleyton,Bungoma,Large
CSTORE-000488,COMP-004,Tuskys Supermarket - Ericstad,Migori,Medium
CSTORE-000489,COMP-004,Tuskys Supermarket - Nguimouth,Uasin Gishu,Large
CSTORE-000490,COMP-004,Tuskys Supermarket - Mutukuburgh,Machakos,Small
CSTORE-000491,COMP-004,Tuskys Supermarket - Kipsangstad,Mandera,Small
CSTORE-000492,COMP-004,Tuskys Supermarket - Florencechester,Baringo,Small
CSTORE-000493,COMP-004,Tuskys Supermarket - South Maryburgh,Kirinyaga,Small
CSTORE-000494,COMP-004,Tuskys Supermarket - Hillaryland,Garissa,Medium
CSTORE-000495,COMP-004,Tuskys Supermarket - Elizabethport,Isiolo,Medium
CSTORE-000496,COMP-004,Tuskys Supermarket - Ndiranguchester,Vihiga,Medium
CSTORE-000497,COMP-004,Tuskys Supermarket - Lake Isaiah,Bomet,Small
CSTORE-000498,COMP-004,Tuskys Supermarket - Mwangistad,Elgeyo Marakwet,Large
CSTORE-000499,COMP-004,Tuskys Supermarket - Wanjalaton,Elgeyo Marakwet,Small
CSTORE-000500,COMP-004,Tuskys Supermarket - Lake Mercystad,Meru,Large
CSTORE-000501,COMP-004,Tuskys Supermarket - North Kevin,Samburu,Large
CSTORE-000502,COMP-004,Tuskys Supermarket - Mwangiland,Laikipia,Small
CSTORE-000503,COMP-004,Tuskys Supermarket - Port Sharon,Uasin Gishu,Large
CSTORE-000504,COMP-004,Tuskys Supermarket - Elvisshire,Murang'a,Large
CSTORE-000505,COMP-004,Tuskys Supermarket - New Michaelmouth,Homa Bay,Large
CSTORE-000506,COMP-004,Tuskys Supermarket - Njeriland,Kisii,Large
CSTORE-000507,COMP-005,Naivas Ltd - New Christopher,Mandera,Medium
CSTORE-000508,COMP-005,Naivas Ltd - Estherbury,Narok,Small
CSTORE-000509,COMP-005,Naivas Ltd - North Rosefort,Makueni,Medium
CSTORE-000510,COMP-005,Naivas Ltd - Mawiraville,Kisumu,Large
CSTORE-000511,COMP-005,Naivas Ltd - Gladysmouth,Kericho,Small
CSTORE-000512,COMP-005,Naivas Ltd - New Ochieng,Kericho,Small
CSTORE-000513,COMP-005,Naivas Ltd - Achiengberg,Kitui,Large
CSTORE-000514,COMP-005,Naivas Ltd - South Vincentmouth,West Pokot,Large
CSTORE-000515,COMP-005,Naivas Ltd - Port Lucymouth,Laikipia,Small
CSTORE-000516,COMP-005,Naivas Ltd - Lilianside,Vihiga,Small
CSTORE-000517,COMP-005,Naivas Ltd - Nekesaburgh,Nyandarua,Medium
CSTORE-000518,COMP-005,Naivas Ltd - Port Kyalo,Machakos,Small
CSTORE-000519,COMP-005,Naivas Ltd - North Fiona,Kirinyaga,Small
CSTORE-000520,COMP-005,Naivas Ltd - East Joan,Bungoma,Medium
CSTORE-000521,COMP-005,Naivas Ltd - West Mutisostad,Bungoma,Large
CSTORE-000522,COMP-005,Naivas Ltd - Mokuaside,Nakuru,Large
CSTORE-000523,COMP-005,Naivas Ltd - New Violet,Bomet,Small
CSTORE-000524,COMP-005,Naivas Ltd - West Calebfort,Migori,Medium
CSTORE-000525,COMP-005,Naivas Ltd - Hajishire,Isiolo,Large
CSTORE-000526,COMP-005,Naivas Ltd - East Angelineland,Kitui,Small
CSTORE-000527,COMP-005,Naivas Ltd - Ng'ang'ahaven,Bomet,Small
CSTORE-000528,COMP-005,Naivas Ltd - Paulside,Wajir,Medium
CSTORE-000529,COMP-005,Naivas Ltd - Port Sally,Tharaka Nithi,Small
CSTORE-000530,COMP-005,Naivas Ltd - Mwanikiton,Embu,Medium
CSTORE-000531,COMP-005,Naivas Ltd - New Wanjiruburgh,Uasin Gishu,Small
CSTORE-000532,COMP-005,Naivas Ltd - West Immaculate,Kisumu,Medium
CSTORE-000533,COMP-005,Naivas Ltd - West Naliaka,Kilifi,Small
CSTORE-000534,COMP-005,Naivas Ltd - Yvonneview,Laikipia,Large
CSTORE-000535,COMP-005,Naivas Ltd - Lake Chebet,Uasin Gishu,Large
CSTORE-000536,COMP-005,Naivas Ltd - Paulport,West Pokot,Small
CSTORE-000537,COMP-005,Naivas Ltd - New Sharonshire,Vihiga,Large
CSTORE-000538,COMP-005,Naivas Ltd - East Elizabeth,West Pokot,Medium
CSTORE-000539,COMP-005,Naivas Ltd - Sylviashire,Migori,Large
CSTORE-000540,COMP-005,Naivas Ltd - Port Rebeccaland,Nyamira,Medium
CSTORE-000541,COMP-005,Naivas Ltd - Lake Fatumaview,Busia,Small
CSTORE-000542,COMP-005,Naivas Ltd - Port Njiru,Isiolo,Medium
CSTORE-000543,COMP-005,Naivas Ltd - South Mariamside,Nyamira,Small
CSTORE-000544,COMP-005,Naivas Ltd - Sharonport,Marsabit,Small
CSTORE-000545,COMP-005,Naivas Ltd - Abdullahifurt,Embu,Large
CSTORE-000546,COMP-005,Naivas Ltd - Issaton,Makueni,Medium
CSTORE-000547,COMP-005,Naivas Ltd - South Derrick,Mandera,Medium
CSTORE-000548,COMP-005,Naivas Ltd - Muthoniberg,Kilifi,Small
CSTORE-000549,COMP-005,Naivas Ltd - Monicamouth,Meru,Large
CSTORE-000550,COMP-005,Naivas Ltd - Prudenceberg,Kwale,Medium
CSTORE-000551,COMP-005,Naivas Ltd - Mwanikiville,Narok,Medium
CSTORE-000552,COMP-005,Naivas Ltd - Amosville,Kericho,Small
CSTORE-000553,COMP-005,Naivas Ltd - Mohammedberg,Wajir,Small
CSTORE-000554,COMP-005,Naivas Ltd - North Jumafurt,Kisumu,Medium
CSTORE-000555,COMP-005,Naivas Ltd - Adhiamboburgh,Uasin Gishu,Medium
CSTORE-000556,COMP-005,Naivas Ltd - Stacymouth,Laikipia,Medium
CSTORE-000557,COMP-005,Naivas Ltd - Port Francis,Machakos,Medium
CSTORE-000558,COMP-005,Naivas Ltd - Awinoport,Tharaka Nithi,Large
CSTORE-000559,COMP-005,Naivas Ltd - Mohamedfurt,Turkana,Small
CSTORE-000560,COMP-005,Naivas Ltd - Jarsoborough,Kitui,Medium
CSTORE-000561,COMP-005,Naivas Ltd - Brianport,Nakuru,Large
CSTORE-000562,COMP-005,Naivas Ltd - Sangfort,Busia,Medium
CSTORE-000563,COMP-005,Naivas Ltd - Mumoville,Elgeyo Marakwet,Medium
CSTORE-000564,COMP-005,Naivas Ltd - Hassanview,Samburu,Medium
CSTORE-000565,COMP-005,Naivas Ltd - Irenestad,Nakuru,Large
CSTORE-000566,COMP-005,Naivas Ltd - South Davidside,Nandi,Small
CSTORE-000567,COMP-005,Naivas Ltd - West Nicodemus,Kakamega,Medium
CSTORE-000568,COMP-005,Naivas Ltd - South Oliverside,Isiolo,Small
CSTORE-000569,COMP-005,Naivas Ltd - Nafulaville,Embu,Large
CSTORE-000570,COMP-005,Naivas Ltd - North Muthoni,Mombasa,Small
CSTORE-000571,COMP-005,Naivas Ltd - Shabanstad,Baringo,Large
CSTORE-000572,COMP-005,Naivas Ltd - East Mary,Kajiado,Large
CSTORE-000573,COMP-005,Naivas Ltd - Johnton,Bomet,Small
CSTORE-000574,COMP-005,Naivas Ltd - East Joycefort,Nairobi,Small
CSTORE-000575,COMP-005,Naivas Ltd - Wambuihaven,Mandera,Large
CSTORE-000576,COMP-005,Naivas Ltd - West Angela,Kirinyaga,Large
CSTORE-000577,COMP-005,Naivas Ltd - Francisport,Kitui,Large
CSTORE-000578,COMP-005,Naivas Ltd - Harunhaven,Trans Nzoia,Large
CSTORE-000579,COMP-005,Naivas Ltd - Nyawiraport,Embu,Small
CSTORE-000580,COMP-005,Naivas Ltd - Wawirastad,Kericho,Small
CSTORE-000581,COMP-005,Naivas Ltd - Ruthchester,Kajiado,Medium
CSTORE-000582,COMP-005,Naivas Ltd - Paulinetown,Mandera,Medium
CSTORE-000583,COMP-005,Naivas Ltd - Simiyushire,Makueni,Large
CSTORE-000584,COMP-005,Naivas Ltd - Lake David,Kitui,Small
CSTORE-000585,COMP-005,Naivas Ltd - Njorogefurt,Bungoma,Medium
CSTORE-000586,COMP-005,Naivas Ltd - Port Lucy,Nyandarua,Small
CSTORE-000587,COMP-005,Naivas Ltd - New Harrietville,Tharaka Nithi,Small
CSTORE-000588,COMP-005,Naivas Ltd - North Fred,Kakamega,Large
CSTORE-000589,COMP-005,Naivas Ltd - Atienoborough,Nandi,Medium
CSTORE-000590,COMP-005,Naivas Ltd - Mwanikifort,Kwale,Small
CSTORE-000591,COMP-005,Naivas Ltd - Lake Mosesborough,Nandi,Large
CSTORE-000592,COMP-005,Naivas Ltd - Bilhafort,Kericho,Small
CSTORE-000593,COMP-005,Naivas Ltd - Karanjaburgh,Bomet,Small
CSTORE-000594,COMP-005,Naivas Ltd - Ogetomouth,Vihiga,Small
CSTORE-000595,COMP-005,Naivas Ltd - Ruthview,Embu,Large
CSTORE-000596,COMP-005,Naivas Ltd - Wafulabury,Isiolo,Small
CSTORE-000597,COMP-005,Naivas Ltd - Korirbury,Makueni,Medium
CSTORE-000598,COMP-005,Naivas Ltd - Fatumaborough,Kwale,Small
CSTORE-000599,COMP-005,Naivas Ltd - Karanjastad,Siaya,Medium
CSTORE-000600,COMP-005,Naivas Ltd - Antonyshire,Kitui,Medium
CSTORE-000601,COMP-005,Naivas Ltd - Kaburufurt,Nyandarua,Small
CSTORE-000602,COMP-005,Naivas Ltd - Jebetberg,Murang'a,Small
CSTORE-000603,COMP-005,Naivas Ltd - Brianland,Garissa,Large
CSTORE-000604,COMP-005,Naivas Ltd - Annaview,Mandera,Large
CSTORE-000605,COMP-005,Naivas Ltd - Oumaside,Kilifi,Small
CSTORE-000606,COMP-005,Naivas Ltd - Mirriamview,Makueni,Small
CSTORE-000607,COMP-006,Eastmatt - North Faith,Garissa,Medium
CSTORE-000608,COMP-006,Eastmatt - East David,Turkana,Small
CSTORE-000609,COMP-006,Eastmatt - Lake Abdi,Bungoma,Medium
CSTORE-000610,COMP-006,Eastmatt - South Benjaminfort,Kisumu,Large
CSTORE-000611,COMP-006,Eastmatt - Lake Fatumatown,Tharaka Nithi,Small
CSTORE-000612,COMP-006,Eastmatt - South Esther,Kwale,Large
CSTORE-000613,COMP-006,Eastmatt - Muriukiborough,Isiolo,Large
CSTORE-000614,COMP-006,Eastmatt - Hillaryton,Busia,Medium
CSTORE-000615,COMP-006,Eastmatt - Lake Isackside,Nairobi,Small
CSTORE-000616,COMP-006,Eastmatt - East Njugunaburgh,Bungoma,Medium
CSTORE-000617,COMP-006,Eastmatt - Port Meshackfort,Trans Nzoia,Large
CSTORE-000618,COMP-006,Eastmatt - Lake Rodah,Kiambu,Medium
CSTORE-000619,COMP-006,Eastmatt - Mariontown,Laikipia,Medium
CSTORE-000620,COMP-006,Eastmatt - Joashville,Elgeyo Marakwet,Small
CSTORE-000621,COMP-006,Eastmatt - Ochiengside,Wajir,Small
CSTORE-000622,COMP-006,Eastmatt - Kipkemeiberg,Uasin Gishu,Medium
CSTORE-000623,COMP-006,Eastmatt - Machariaville,West Pokot,Small
CSTORE-000624,COMP-006,Eastmatt - Francismouth,Garissa,Medium
CSTORE-000625,COMP-006,Eastmatt - Puritytown,Samburu,Small
CSTORE-000626,COMP-006,Eastmatt - Joanshire,Embu,Small
CSTORE-000627,COMP-006,Eastmatt - East Mary,Kisumu,Small
CSTORE-000628,COMP-006,Eastmatt - Okinyihaven,Kiambu,Large
CSTORE-000629,COMP-006,Eastmatt - Stephenville,Samburu,Small
CSTORE-000630,COMP-006,Eastmatt - East Wesley,Kericho,Large
CSTORE-000631,COMP-006,Eastmatt - North Fredrick,Uasin Gishu,Medium
CSTORE-000632,COMP-006,Eastmatt - South Brenda,Meru,Small
CSTORE-000633,COMP-006,Eastmatt - Ahmedshire,Kajiado,Large
CSTORE-000634,COMP-006,Eastmatt - West Estherbury,Isiolo,Large
CSTORE-000635,COMP-006,Eastmatt - Lake Dennisport,Narok,Medium
CSTORE-000636,COMP-006,Eastmatt - South Caroline,Mombasa,Large
CSTORE-000637,COMP-006,Eastmatt - Carolineport,Kilifi,Large
CSTORE-000638,COMP-006,Eastmatt - Faithbury,Kericho,Medium
CSTORE-000639,COMP-006,Eastmatt - South Michael,Taita Taveta,Medium
CSTORE-000640,COMP-006,Eastmatt - Derrickside,Bungoma,Large
CSTORE-000641,COMP-006,Eastmatt - Tarusborough,Busia,Medium
CSTORE-000642,COMP-006,Eastmatt - Lake Brenda,Migori,Small
CSTORE-000643,COMP-006,Eastmatt - New Newtonstad,Nyamira,Large
CSTORE-000644,COMP-006,Eastmatt - New Mohamedside,Nyamira,Large
CSTORE-000645,COMP-006,Eastmatt - New Mumo,Elgeyo Marakwet,Medium
CSTORE-000646,COMP-006,Eastmatt - West Salome,Elgeyo Marakwet,Small
CSTORE-000647,COMP-006,Eastmatt - Onyangoborough,Murang'a,Medium
CSTORE-000648,COMP-006,Eastmatt - Alihaven,Vihiga,Large
CSTORE-000649,COMP-006,Eastmatt - Michaelmouth,Kirinyaga,Medium
CSTORE-000650,COMP-006,Eastmatt - New Derrick,Samburu,Medium
CSTORE-000651,COMP-006,Eastmatt - New Oscarport,Kitui,Medium
CSTORE-000652,COMP-006,Eastmatt - South Bensontown,Turkana,Large
CSTORE-000653,COMP-006,Eastmatt - New Samuel,Kitui,Medium
CSTORE-000654,COMP-006,Eastmatt - Owinoland,West Pokot,Small
CSTORE-000655,COMP-006,Eastmatt - North Jaelfort,Kisii,Large
CSTORE-000656,COMP-006,Eastmatt - West Gabrielberg,Isiolo,Medium
CSTORE-000657,COMP-006,Eastmatt - Chelangatfurt,Vihiga,Medium
CSTORE-000658,COMP-006,Eastmatt - Syombuafurt,Samburu,Medium
CSTORE-000659,COMP-006,Eastmatt - Ochiengside,Narok,Medium
CSTORE-000660,COMP-006,Eastmatt - Lake Teresia,Kitui,Medium
CSTORE-000661,COMP-006,Eastmatt - East Makenafurt,Nyandarua,Medium
CSTORE-000662,COMP-006,Eastmatt - Lake Linah,Makueni,Large
CSTORE-000663,COMP-006,Eastmatt - Port Josephport,Murang'a,Medium
CSTORE-000664,COMP-006,Eastmatt - Chirchirside,Migori,Medium
CSTORE-000665,COMP-006,Eastmatt - Kazungubury,Migori,Medium
CSTORE-000666,COMP-006,Eastmatt - South Henry,Narok,Medium
CSTORE-000667,COMP-006,Eastmatt - Otienoville,Mombasa,Small
CSTORE-000668,COMP-006,Eastmatt - Port Elizabethtown,Wajir,Medium
CSTORE-000669,COMP-006,Eastmatt - East James,Nairobi,Small
CSTORE-000670,COMP-006,Eastmatt - South Ngigiton,West Pokot,Small
CSTORE-000671,COMP-006,Eastmatt - Lake Brian,Nakuru,Small
CSTORE-000672,COMP-006,Eastmatt - Adanborough,Embu,Medium
CSTORE-000673,COMP-006,Eastmatt - East Justineport,Kirinyaga,Small
CSTORE-000674,COMP-006,Eastmatt - Port Beth,Lamu,Large
CSTORE-000675,COMP-006,Eastmatt - Kipkuruimouth,Samburu,Large
CSTORE-000676,COMP-006,Eastmatt - West Marion,Elgeyo Marakwet,Medium
CSTORE-000677,COMP-006,Eastmatt - South Ahmed,West Pokot,Small
CSTORE-000678,COMP-006,Eastmatt - New Moreenburgh,Turkana,Small
CSTORE-000679,COMP-006,Eastmatt - Nyakunditon,Kakamega,Small
CSTORE-000680,COMP-006,Eastmatt - Evalinefurt,Meru,Small
CSTORE-000681,COMP-006,Eastmatt - Nancychester,Trans Nzoia,Large
CSTORE-000682,COMP-006,Eastmatt - West Ouma,Bomet,Medium
CSTORE-000683,COMP-006,Eastmatt - Mutuabury,Kisumu,Small
CSTORE-000684,COMP-006,Eastmatt - Judyberg,Taita Taveta,Small
CSTORE-000685,COMP-006,Eastmatt - Maunduside,Kakamega,Large
CSTORE-000686,COMP-006,Eastmatt - Ngaoside,Kericho,Medium
CSTORE-000687,COMP-006,Eastmatt - South Amos,Mandera,Large
CSTORE-000688,COMP-006,Eastmatt - West Sharon,Nyandarua,Large
CSTORE-000689,COMP-006,Eastmatt - Ekiruland,Siaya,Medium
CSTORE-000690,COMP-006,Eastmatt - North Samwel,Busia,Small
CSTORE-000691,COMP-006,Eastmatt - Port Samuelshire,Nandi,Large
CSTORE-000692,COMP-006,Eastmatt - South Mwangi,Laikipia,Medium
CSTORE-000693,COMP-006,Eastmatt - Joeltown,Kericho,Small
CSTORE-000694,COMP-006,Eastmatt - East Rodah,Kwale,Large
CSTORE-000695,COMP-006,Eastmatt - Lake Sarafort,Kitui,Large
CSTORE-000696,COMP-006,Eastmatt - Lake Mary,Bungoma,Large
CSTORE-000697,COMP-006,Eastmatt - South Khadija,West Pokot,Small
CSTORE-000698,COMP-006,Eastmatt - Gladysfurt,West Pokot,Medium
CSTORE-000699,COMP-007,Machakos Kitchen - Katanastad,Homa Bay,Medium
CSTORE-000700,COMP-007,Machakos Kitchen - Nicholashaven,Uasin Gishu,Medium
CSTORE-000701,COMP-007,Machakos Kitchen - Ng'ang'afort,Nairobi,Medium
CSTORE-000702,COMP-007,Machakos Kitchen - Annahstad,Siaya,Large
CSTORE-000703,COMP-007,Machakos Kitchen - Reubenshire,Kitui,Medium
CSTORE-000704,COMP-007,Machakos Kitchen - Lake Kevin,West Pokot,Small
CSTORE-000705,COMP-007,Machakos Kitchen - Nicodemusshire,West Pokot,Medium
CSTORE-000706,COMP-007,Machakos Kitchen - Koechborough,Vihiga,Medium
CSTORE-000707,COMP-007,Machakos Kitchen - Joshuashire,Samburu,Medium
CSTORE-000708,COMP-007,Machakos Kitchen - South Muiruri,Meru,Small
CSTORE-000709,COMP-007,Machakos Kitchen - Benardfort,Kirinyaga,Medium
CSTORE-000710,COMP-007,Machakos Kitchen - Mutindastad,Mombasa,Small
CSTORE-000711,COMP-007,Machakos Kitchen - East Purity,Homa Bay,Medium
CSTORE-000712,COMP-007,Machakos Kitchen - Kariukiside,Elgeyo Marakwet,Large
CSTORE-000713,COMP-007,Machakos Kitchen - New Peterland,Trans Nzoia,Large
CSTORE-000714,COMP-007,Machakos Kitchen - Port Johnberg,Samburu,Medium
CSTORE-000715,COMP-007,Machakos Kitchen - North Ann,Narok,Medium
CSTORE-000716,COMP-007,Machakos Kitchen - East Mungaistad,Trans Nzoia,Medium
CSTORE-000717,COMP-007,Machakos Kitchen - New Mercyfort,Machakos,Large
CSTORE-000718,COMP-007,Machakos Kitchen - Otienoside,Kisumu,Large
CSTORE-000719,COMP-007,Machakos Kitchen - Otienohaven,Bomet,Medium
CSTORE-000720,COMP-007,Machakos Kitchen - Kiplangatport,Machakos,Large
CSTORE-000721,COMP-007,Machakos Kitchen - New Emilychester,Murang'a,Small
CSTORE-000722,COMP-007,Machakos Kitchen - North Risper,Kakamega,Medium
CSTORE-000723,COMP-007,Machakos Kitchen - East Patrick,Kitui,Medium
CSTORE-000724,COMP-007,Machakos Kitchen - Miriamview,Turkana,Small
CSTORE-000725,COMP-007,Machakos Kitchen - Ochiengfurt,Narok,Small
CSTORE-000726,COMP-007,Machakos Kitchen - Kipchumbabury,Mandera,Small
CSTORE-000727,COMP-007,Machakos Kitchen - Lucyland,Tana River,Large
CSTORE-000728,COMP-007,Machakos Kitchen - North Bonifacefurt,Mandera,Small
CSTORE-000729,COMP-007,Machakos Kitchen - Odhiambotown,Meru,Medium
CSTORE-000730,COMP-007,Machakos Kitchen - North Kiplagat,Elgeyo Marakwet,Medium
CSTORE-000731,COMP-007,Machakos Kitchen - Gatwirimouth,Nandi,Large
CSTORE-000732,COMP-007,Machakos Kitchen - New Deborahbury,Narok,Medium
CSTORE-000733,COMP-007,Machakos Kitchen - Port Christine,Nyeri,Medium
CSTORE-000734,COMP-007,Machakos Kitchen - Macharialand,Isiolo,Large
CSTORE-000735,COMP-007,Machakos Kitchen - Raelshire,Taita Taveta,Large
CSTORE-000736,COMP-007,Machakos Kitchen - East Mariamouth,West Pokot,Medium
CSTORE-000737,COMP-007,Machakos Kitchen - East Nehemiahfurt,Siaya,Small
CSTORE-000738,COMP-007,Machakos Kitchen - West Francisbury,Lamu,Large
CSTORE-000739,COMP-007,Machakos Kitchen - Kwambokaside,Wajir,Medium
CSTORE-000740,COMP-007,Machakos Kitchen - Elvisberg,Nyandarua,Large
CSTORE-000741,COMP-007,Machakos Kitchen - New Dianastad,Kitui,Large
CSTORE-000742,COMP-007,Machakos Kitchen - North Eliasland,Turkana,Large
CSTORE-000743,COMP-007,Machakos Kitchen - Maryfurt,Trans Nzoia,Small
CSTORE-000744,COMP-007,Machakos Kitchen - Peterview,Baringo,Large
CSTORE-000745,COMP-007,Machakos Kitchen - Kipropstad,Nakuru,Medium
CSTORE-000746,COMP-007,Machakos Kitchen - Muriithishire,Murang'a,Large
CSTORE-000747,COMP-007,Machakos Kitchen - Aliport,Migori,Large
CSTORE-000748,COMP-007,Machakos Kitchen - Lake Samuel,Kiambu,Small
CSTORE-000749,COMP-007,Machakos Kitchen - Michaelberg,Nyeri,Small
CSTORE-000750,COMP-007,Machakos Kitchen - Karanjaville,Nyeri,Large
CSTORE-000751,COMP-007,Machakos Kitchen - North Moureenmouth,Kwale,Large
CSTORE-000752,COMP-007,Machakos Kitchen - Naomiville,Baringo,Large
CSTORE-000753,COMP-007,Machakos Kitchen - North Otieno,Nandi,Large
CSTORE-000754,COMP-007,Machakos Kitchen - Nyakundihaven,Kakamega,Small
CSTORE-000755,COMP-007,Machakos Kitchen - Omondiland,Laikipia,Large
CSTORE-000756,COMP-007,Machakos Kitchen - Swalehmouth,Machakos,Small
CSTORE-000757,COMP-007,Machakos Kitchen - Otienochester,Mombasa,Large
CSTORE-000758,COMP-007,Machakos Kitchen - Jerutoside,Nairobi,Medium
CSTORE-000759,COMP-007,Machakos Kitchen - New Simion,Murang'a,Small
CSTORE-000760,COMP-007,Machakos Kitchen - Njorogeview,Kilifi,Large
CSTORE-000761,COMP-007,Machakos Kitchen - Samwelberg,Nyamira,Medium
CSTORE-000762,COMP-007,Machakos Kitchen - East Piuschester,Nakuru,Large
CSTORE-000763,COMP-007,Machakos Kitchen - Alvinland,Mandera,Small
CSTORE-000764,COMP-007,Machakos Kitchen - Juliusbury,Machakos,Small
CSTORE-000765,COMP-007,Machakos Kitchen - Adenborough,Kiambu,Medium
CSTORE-000766,COMP-007,Machakos Kitchen - Omondiport,Isiolo,Medium
CSTORE-000767,COMP-007,Machakos Kitchen - South Markfurt,Tharaka Nithi,Small
CSTORE-000768,COMP-007,Machakos Kitchen - Barasachester,Meru,Medium
CSTORE-000769,COMP-007,Machakos Kitchen - West Bonface,Tharaka Nithi,Large
CSTORE-000770,COMP-007,Machakos Kitchen - South Kamau,Elgeyo Marakwet,Large
CSTORE-000771,COMP-007,Machakos Kitchen - Nandwaport,Tana River,Small
CSTORE-000772,COMP-007,Machakos Kitchen - Ngaobury,Busia,Medium
CSTORE-000773,COMP-007,Machakos Kitchen - Oumafurt,Kitui,Small
CSTORE-000774,COMP-007,Machakos Kitchen - Dennisshire,Mombasa,Large
CSTORE-000775,COMP-007,Machakos Kitchen - New Felista,Makueni,Medium
CSTORE-000776,COMP-007,Machakos Kitchen - Lake Alice,Marsabit,Small
CSTORE-000777,COMP-007,Machakos Kitchen - Lake Oduorborough,Meru,Medium
CSTORE-000778,COMP-007,Machakos Kitchen - Murugiland,Kajiado,Medium
CSTORE-000779,COMP-007,Machakos Kitchen - Chirchirberg,Kiambu,Large
CSTORE-000780,COMP-007,Machakos Kitchen - Amosberg,Kilifi,Small
CSTORE-000781,COMP-007,Machakos Kitchen - Ndanuland,Bungoma,Large
CSTORE-000782,COMP-007,Machakos Kitchen - Kabuifort,Kakamega,Medium
CSTORE-000783,COMP-007,Machakos Kitchen - Katanachester,Elgeyo Marakwet,Small
CSTORE-000784,COMP-007,Machakos Kitchen - Port Carolside,Vihiga,Small
CSTORE-000785,COMP-007,Machakos Kitchen - North Alicestad,Kajiado,Medium
CSTORE-000786,COMP-008,Jumia Fresh - Lake Mary,Garissa,Small
CSTORE-000787,COMP-008,Jumia Fresh - Sandemouth,Busia,Medium
CSTORE-000788,COMP-008,Jumia Fresh - Omondiville,Kitui,Small
CSTORE-000789,COMP-008,Jumia Fresh - Erickhaven,Baringo,Medium
CSTORE-000790,COMP-008,Jumia Fresh - South Nelson,Meru,Small
CSTORE-000791,COMP-008,Jumia Fresh - Waswashire,Machakos,Small
CSTORE-000792,COMP-008,Jumia Fresh - West Saida,Trans Nzoia,Small
CSTORE-000793,COMP-008,Jumia Fresh - Omondichester,Tana River,Large
CSTORE-000794,COMP-008,Jumia Fresh - North Millicentberg,Marsabit,Medium
CSTORE-000795,COMP-008,Jumia Fresh - Omondimouth,Kirinyaga,Medium
CSTORE-000796,COMP-008,Jumia Fresh - New Mike,Kwale,Medium
CSTORE-000797,COMP-008,Jumia Fresh - Kamaumouth,Wajir,Medium
CSTORE-000798,COMP-008,Jumia Fresh - Jameston,Tana River,Large
CSTORE-000799,COMP-008,Jumia Fresh - North Bettyville,Kilifi,Medium
CSTORE-000800,COMP-008,Jumia Fresh - Lake Denis,Kilifi,Small
CSTORE-000801,COMP-008,Jumia Fresh - New Francis,Laikipia,Medium
CSTORE-000802,COMP-008,Jumia Fresh - Abdullabury,Bungoma,Small
CSTORE-000803,COMP-008,Jumia Fresh - Muemaburgh,Makueni,Large
CSTORE-000804,COMP-008,Jumia Fresh - Ngugiborough,Uasin Gishu,Large
CSTORE-000805,COMP-008,Jumia Fresh - Davidfurt,Uasin Gishu,Medium
CSTORE-000806,COMP-008,Jumia Fresh - Lake Edwinview,Meru,Small
CSTORE-000807,COMP-008,Jumia Fresh - New Ibrahimside,Taita Taveta,Large
CSTORE-000808,COMP-008,Jumia Fresh - West Andrew,Homa Bay,Large
CSTORE-000809,COMP-008,Jumia Fresh - Onyangofort,Vihiga,Small
CSTORE-000810,COMP-008,Jumia Fresh - Samfurt,Homa Bay,Medium
CSTORE-000811,COMP-008,Jumia Fresh - West Josphatmouth,Turkana,Large
CSTORE-000812,COMP-008,Jumia Fresh - Port Grace,Mandera,Medium
CSTORE-000813,COMP-008,Jumia Fresh - Virginiashire,Turkana,Medium
CSTORE-000814,COMP-008,Jumia Fresh - Lake Victorville,Tana River,Large
CSTORE-000815,COMP-008,Jumia Fresh - West Dennis,Kericho,Small
CSTORE-000816,COMP-008,Jumia Fresh - Christinehaven,Bomet,Medium
CSTORE-000817,COMP-008,Jumia Fresh - Kiokoberg,Meru,Small
CSTORE-000818,COMP-008,Jumia Fresh - Ronofort,Tharaka Nithi,Large
CSTORE-000819,COMP-008,Jumia Fresh - New Charles,Bungoma,Small
CSTORE-000820,COMP-008,Jumia Fresh - Mosesmouth,Makueni,Large
CSTORE-000821,COMP-008,Jumia Fresh - Josephstad,Meru,Medium
CSTORE-000822,COMP-008,Jumia Fresh - South Victorfurt,Homa Bay,Medium
CSTORE-000823,COMP-008,Jumia Fresh - Akothfort,Machakos,Medium
CSTORE-000824,COMP-008,Jumia Fresh - Kimeumouth,Migori,Large
CSTORE-000825,COMP-008,Jumia Fresh - Njorogeshire,Marsabit,Small
CSTORE-000826,COMP-008,Jumia Fresh - Port Naomiport,Elgeyo Marakwet,Small
CSTORE-000827,COMP-008,Jumia Fresh - West Felixport,West Pokot,Small
CSTORE-000828,COMP-008,Jumia Fresh - Port Job,Homa Bay,Large
CSTORE-000829,COMP-008,Jumia Fresh - Kipngetichville,Baringo,Small
CSTORE-000830,COMP-008,Jumia Fresh - West Gladysstad,Narok,Medium
CSTORE-000831,COMP-008,Jumia Fresh - Port Purityside,Mombasa,Large
CSTORE-000832,COMP-008,Jumia Fresh - South Ibrahim,Nandi,Small
CSTORE-000833,COMP-008,Jumia Fresh - West Monicah,Bomet,Medium
CSTORE-000834,COMP-008,Jumia Fresh - South Nicholasland,Lamu,Large
CSTORE-000835,COMP-008,Jumia Fresh - Athmanville,Nyamira,Large
CSTORE-000836,COMP-008,Jumia Fresh - East Joy,Migori,Small
CSTORE-000837,COMP-008,Jumia Fresh - Monicachester,Wajir,Large
CSTORE-000838,COMP-008,Jumia Fresh - New Moses,Bungoma,Small
CSTORE-000839,COMP-008,Jumia Fresh - Port Mwangi,Samburu,Large
CSTORE-000840,COMP-008,Jumia Fresh - New Edwardview,Uasin Gishu,Small
CSTORE-000841,COMP-008,Jumia Fresh - West Hildah,Busia,Large
CSTORE-000842,COMP-008,Jumia Fresh - Jumaview,Garissa,Medium
CSTORE-000843,COMP-008,Jumia Fresh - East Sabinachester,Kitui,Medium
CSTORE-000844,COMP-008,Jumia Fresh - West Hannahberg,Kisii,Medium
CSTORE-000845,COMP-008,Jumia Fresh - East Kevin,Bomet,Small
CSTORE-000846,COMP-008,Jumia Fresh - Charityfurt,Kilifi,Small
CSTORE-000847,COMP-008,Jumia Fresh - Abdiview,Baringo,Large
CSTORE-000848,COMP-008,Jumia Fresh - Chelangatland,Nakuru,Large
CSTORE-000849,COMP-008,Jumia Fresh - South Chrisview,Kisii,Small
CSTORE-000850,COMP-008,Jumia Fresh - Albertfort,Nakuru,Small
CSTORE-000851,COMP-009,Safaricom Retail - Miltonland,Uasin Gishu,Medium
CSTORE-000852,COMP-009,Safaricom Retail - Kiariestad,Isiolo,Small
CSTORE-000853,COMP-009,Safaricom Retail - Port Kilonzoborough,Marsabit,Medium
CSTORE-000854,COMP-009,Safaricom Retail - Sigeifort,Baringo,Medium
CSTORE-000855,COMP-009,Safaricom Retail - Hillaryport,Mandera,Medium
CSTORE-000856,COMP-009,Safaricom Retail - Okumuberg,Nyeri,Small
CSTORE-000857,COMP-009,Safaricom Retail - Musyimiton,Machakos,Medium
CSTORE-000858,COMP-009,Safaricom Retail - North Mercymouth,Marsabit,Large
CSTORE-000859,COMP-009,Safaricom Retail - North Naomyburgh,Kericho,Small
CSTORE-000860,COMP-009,Safaricom Retail - Nyagachester,West Pokot,Small
CSTORE-000861,COMP-009,Safaricom Retail - Lake Edith,Embu,Small
CSTORE-000862,COMP-009,Safaricom Retail - Francisview,Turkana,Medium
CSTORE-000863,COMP-009,Safaricom Retail - Lake Njorogeland,Kisumu,Large
CSTORE-000864,COMP-009,Safaricom Retail - Janeburgh,Wajir,Small
CSTORE-000865,COMP-009,Safaricom Retail - South Faithbury,Nakuru,Large
CSTORE-000866,COMP-009,Safaricom Retail - Muhumedville,Nyeri,Medium
CSTORE-000867,COMP-009,Safaricom Retail - East Zakariaberg,Nyeri,Large
CSTORE-000868,COMP-009,Safaricom Retail - New Lucy,Laikipia,Medium
CSTORE-000869,COMP-009,Safaricom Retail - North Nancyville,Kilifi,Large
CSTORE-000870,COMP-009,Safaricom Retail - Masindefort,Nairobi,Medium
CSTORE-000871,COMP-009,Safaricom Retail - East Elvisville,Marsabit,Large
CSTORE-000872,COMP-009,Safaricom Retail - West Christopherport,Kakamega,Medium
CSTORE-000873,COMP-009,Safaricom Retail - South Gladys,Siaya,Small
CSTORE-000874,COMP-009,Safaricom Retail - Lake Makena,Kirinyaga,Small
CSTORE-000875,COMP-009,Safaricom Retail - North Musembi,Homa Bay,Small
CSTORE-000876,COMP-009,Safaricom Retail - New Esthermouth,Lamu,Large
CSTORE-000877,COMP-009,Safaricom Retail - Euniceberg,Wajir,Small
CSTORE-000878,COMP-009,Safaricom Retail - Mukamimouth,Kisumu,Medium
CSTORE-000879,COMP-009,Safaricom Retail - North Peris,Mombasa,Medium
CSTORE-000880,COMP-009,Safaricom Retail - Port Emmanuel,Kiambu,Medium
CSTORE-000881,COMP-009,Safaricom Retail - Njokichester,Migori,Medium
CSTORE-000882,COMP-009,Safaricom Retail - Hellenbury,Migori,Medium
CSTORE-000883,COMP-009,Safaricom Retail - Sharonbury,Kajiado,Small
CSTORE-000884,COMP-009,Safaricom Retail - Agnestown,Mandera,Medium
CSTORE-000885,COMP-009,Safaricom Retail - Kennedyhaven,Machakos,Medium
CSTORE-000886,COMP-009,Safaricom Retail - Lake Lawrence,Mombasa,Medium
CSTORE-000887,COMP-009,Safaricom Retail - Port Ashabury,Kisii,Small
CSTORE-000888,COMP-009,Safaricom Retail - Chegebury,Kitui,Small
CSTORE-000889,COMP-009,Safaricom Retail - Mutisoland,Taita Taveta,Large
CSTORE-000890,COMP-009,Safaricom Retail - West Stacyberg,Marsabit,Large
CSTORE-000891,COMP-009,Safaricom Retail - Amondishire,Murang'a,Medium
CSTORE-000892,COMP-009,Safaricom Retail - Wanyonyiburgh,Vihiga,Medium
CSTORE-000893,COMP-009,Safaricom Retail - Hillowland,Busia,Large
CSTORE-000894,COMP-009,Safaricom Retail - New Jamesview,Wajir,Medium
CSTORE-000895,COMP-009,Safaricom Retail - North Peninah,Kwale,Large
CSTORE-000896,COMP-009,Safaricom Retail - Murithihaven,Kwale,Large
CSTORE-000897,COMP-009,Safaricom Retail - Ronofurt,Kiambu,Small
CSTORE-000898,COMP-009,Safaricom Retail - Lake Mumoberg,Samburu,Large
CSTORE-000899,COMP-009,Safaricom Retail - Danielland,Busia,Small
CSTORE-000900,COMP-009,Safaricom Retail - Port Michael,Nyandarua,Medium
CSTORE-000901,COMP-009,Safaricom Retail - Valentineland,Lamu,Small
CSTORE-000902,COMP-009,Safaricom Retail - Nancybury,Trans Nzoia,Large
CSTORE-000903,COMP-009,Safaricom Retail - East Stephenchester,Murang'a,Large
CSTORE-000904,COMP-009,Safaricom Retail - South Maryton,Bungoma,Medium
CSTORE-000905,COMP-009,Safaricom Retail - Janeburgh,Nyandarua,Large
CSTORE-000906,COMP-009,Safaricom Retail - North Anntown,Baringo,Large
CSTORE-000907,COMP-009,Safaricom Retail - South Priscilla,Trans Nzoia,Large
CSTORE-000908,COMP-009,Safaricom Retail - Charlesberg,Nyamira,Small
CSTORE-000909,COMP-009,Safaricom Retail - Jacklineville,Embu,Medium
CSTORE-000910,COMP-009,Safaricom Retail - West Winnieview,Migori,Small
CSTORE-000911,COMP-009,Safaricom Retail - West Lilianshire,Isiolo,Small
CSTORE-000912,COMP-009,Safaricom Retail - South Okothstad,Migori,Small
CSTORE-000913,COMP-009,Safaricom Retail - South Teresiaburgh,Samburu,Small
CSTORE-000914,COMP-009,Safaricom Retail - Michaelville,Kilifi,Small
CSTORE-000915,COMP-009,Safaricom Retail - East Beatricetown,Kilifi,Large
CSTORE-000916,COMP-009,Safaricom Retail - Port Atienobury,Isiolo,Large
CSTORE-000917,COMP-009,Safaricom Retail - South Kariukiberg,Makueni,Medium
CSTORE-000918,COMP-009,Safaricom Retail - Port Peter,Samburu,Medium
CSTORE-000919,COMP-009,Safaricom Retail - Kimanibury,Nandi,Small
CSTORE-000920,COMP-009,Safaricom Retail - Wakhungumouth,Nakuru,Medium
CSTORE-000921,COMP-009,Safaricom Retail - Nafulashire,Tharaka Nithi,Large
CSTORE-000922,COMP-009,Safaricom Retail - Emmanuelton,Bomet,Medium
CSTORE-000923,COMP-009,Safaricom Retail - East Maureen,Isiolo,Large
CSTORE-000924,COMP-009,Safaricom Retail - South Jamesmouth,Nakuru,Medium
CSTORE-000925,COMP-009,Safaricom Retail - Gladysport,Kericho,Large
CSTORE-000926,COMP-009,Safaricom Retail - Stephenmouth,Trans Nzoia,Large
CSTORE-000927,COMP-009,Safaricom Retail - West Collinsshire,Elgeyo Marakwet,Small
CSTORE-000928,COMP-009,Safaricom Retail - Beatricebury,Tharaka Nithi,Medium
CSTORE-000929,COMP-009,Safaricom Retail - Chepkoechfort,Kitui,Small
CSTORE-000930,COMP-009,Safaricom Retail - Lake Emmaculate,Homa Bay,Small
CSTORE-000931,COMP-009,Safaricom Retail - East John,Kisumu,Medium
CSTORE-000932,COMP-009,Safaricom Retail - Mohamedside,Migori,Small
CSTORE-000933,COMP-009,Safaricom Retail - Mercytown,Nyandarua,Medium
CSTORE-000934,COMP-009,Safaricom Retail - Johnfurt,Baringo,Medium
CSTORE-000935,COMP-009,Safaricom Retail - Ibrahimhaven,Tharaka Nithi,Large
CSTORE-000936,COMP-009,Safaricom Retail - South Ken,Nakuru,Medium
CSTORE-000937,COMP-009,Safaricom Retail - East Lilianland,Meru,Medium
CSTORE-000938,COMP-009,Safaricom Retail - East Perishaven,Kajiado,Large
CSTORE-000939,COMP-009,Safaricom Retail - Nkathastad,Tharaka Nithi,Small
CSTORE-000940,COMP-009,Safaricom Retail - Fundiland,Nyamira,Large
CSTORE-000941,COMP-009,Safaricom Retail - New Victorfurt,Murang'a,Small
CSTORE-000942,COMP-009,Safaricom Retail - New Luckychester,Isiolo,Medium
CSTORE-000943,COMP-009,Safaricom Retail - East William,Busia,Small
CSTORE-000944,COMP-009,Safaricom Retail - Aishafurt,Elgeyo Marakwet,Large
CSTORE-000945,COMP-009,Safaricom Retail - Geoffreyview,Taita Taveta,Medium
CSTORE-000946,COMP-009,Safaricom Retail - North Evalyne,Kericho,Medium
CSTORE-000947,COMP-009,Safaricom Retail - Port Fatuma,Mandera,Medium
CSTORE-000948,COMP-009,Safaricom Retail - East Ibrahimmouth,West Pokot,Small
CSTORE-000949,COMP-009,Safaricom Retail - Karanjaville,Nakuru,Small
CSTORE-000950,COMP-009,Safaricom Retail - Metrineborough,Trans Nzoia,Medium
CSTORE-000951,COMP-009,Safaricom Retail - Nyamburaview,Kiambu,Medium
CSTORE-000952,COMP-009,Safaricom Retail - North Michaelport,Meru,Small
CSTORE-000953,COMP-009,Safaricom Retail - East Annemouth,West Pokot,Medium
CSTORE-000954,COMP-009,Safaricom Retail - North Lilian,Kericho,Medium
CSTORE-000955,COMP-009,Safaricom Retail - Solomonton,Tana River,Small
CSTORE-000956,COMP-009,Safaricom Retail - Fredrickburgh,Baringo,Large
CSTORE-000957,COMP-009,Safaricom Retail - South Salomeside,Kwale,Large
CSTORE-000958,COMP-009,Safaricom Retail - North Oscar,Vihiga,Small
CSTORE-000959,COMP-009,Safaricom Retail - North John,Bungoma,Medium
CSTORE-000960,COMP-009,Safaricom Retail - East Evans,Bomet,Small
CSTORE-000961,COMP-009,Safaricom Retail - Korirland,Narok,Small
CSTORE-000962,COMP-009,Safaricom Retail - Margretland,Wajir,Large
CSTORE-000963,COMP-009,Safaricom Retail - North Evansmouth,Baringo,Small
CSTORE-000964,COMP-009,Safaricom Retail - North Rehema,Uasin Gishu,Medium
CSTORE-000965,COMP-009,Safaricom Retail - Emmanuelmouth,Homa Bay,Medium
CSTORE-000966,COMP-009,Safaricom Retail - East Annachester,Trans Nzoia,Medium
CSTORE-000967,COMP-009,Safaricom Retail - Kipkorirfurt,Kakamega,Small
CSTORE-000968,COMP-009,Safaricom Retail - Njeriborough,Narok,Small
CSTORE-000969,COMP-009,Safaricom Retail - West Maina,West Pokot,Small
CSTORE-000970,COMP-009,Safaricom Retail - North Faith,Uasin Gishu,Small
CSTORE-000971,COMP-009,Safaricom Retail - Lake Philip,Turkana,Medium
CSTORE-000972,COMP-009,Safaricom Retail - Onsongofort,Tharaka Nithi,Medium
CSTORE-000973,COMP-009,Safaricom Retail - North Mainaberg,Mombasa,Medium
CSTORE-000974,COMP-009,Safaricom Retail - Achienghaven,Bomet,Large
CSTORE-000975,COMP-009,Safaricom Retail - Lake Brigid,Nyeri,Medium
CSTORE-000976,COMP-009,Safaricom Retail - South Vivianstad,Embu,Large
CSTORE-000977,COMP-009,Safaricom Retail - Kuriafort,Kirinyaga,Large
CSTORE-000978,COMP-009,Safaricom Retail - Victoriahaven,Bungoma,Large
CSTORE-000979,COMP-009,Safaricom Retail - Rashidburgh,Kericho,Large
CSTORE-000980,COMP-009,Safaricom Retail - West Muthokatown,Tharaka Nithi,Small
CSTORE-000981,COMP-009,Safaricom Retail - Davidfort,Busia,Large
CSTORE-000982,COMP-009,Safaricom Retail - Alicebury,Turkana,Medium
CSTORE-000983,COMP-009,Safaricom Retail - North Hassan,Elgeyo Marakwet,Large
CSTORE-000984,COMP-009,Safaricom Retail - West Teddy,Baringo,Medium
CSTORE-000985,COMP-009,Safaricom Retail - Port Faridabury,Bungoma,Large
CSTORE-000986,COMP-009,Safaricom Retail - Awuorburgh,Nyamira,Small
CSTORE-000987,COMP-009,Safaricom Retail - East Athuman,Elgeyo Marakwet,Large
CSTORE-000988,COMP-009,Safaricom Retail - Zipporahtown,Tana River,Medium
CSTORE-000989,COMP-009,Safaricom Retail - Naliakashire,Kisumu,Medium
CSTORE-000990,COMP-009,Safaricom Retail - New Moreen,Taita Taveta,Small
CSTORE-000991,COMP-009,Safaricom Retail - Momanyiburgh,Tana River,Large
CSTORE-000992,COMP-009,Safaricom Retail - Mwangiton,Isiolo,Small
CSTORE-000993,COMP-009,Safaricom Retail - New Ali,Kericho,Small
CSTORE-000994,COMP-009,Safaricom Retail - Otienoborough,Isiolo,Large
CSTORE-000995,COMP-009,Safaricom Retail - West Joyce,Siaya,Large
CSTORE-000996,COMP-009,Safaricom Retail - Davidberg,Bomet,Medium
CSTORE-000997,COMP-009,Safaricom Retail - Port Mohamed,Nyandarua,Medium
CSTORE-000998,COMP-009,Safaricom Retail - Laurastad,West Pokot,Small
CSTORE-000999,COMP-009,Safaricom Retail - Ngangamouth,Isiolo,Medium
CSTORE-001000,COMP-009,Safaricom Retail - Hillaryburgh,Kericho,Medium
CSTORE-001001,COMP-009,Safaricom Retail - Limofort,Tharaka Nithi,Small
CSTORE-001002,COMP-009,Safaricom Retail - Alexside,Mandera,Large
CSTORE-001003,COMP-009,Safaricom Retail - Erickshire,Nyandarua,Small
CSTORE-001004,COMP-009,Safaricom Retail - South Thomas,Kakamega,Medium
CSTORE-001005,COMP-009,Safaricom Retail - Paultown,Nakuru,Small
CSTORE-001006,COMP-009,Safaricom Retail - Muleishire,Makueni,Medium
CSTORE-001007,COMP-009,Safaricom Retail - East Marybury,Homa Bay,Large
CSTORE-001008,COMP-009,Safaricom Retail - South Mosesland,Kajiado,Small
CSTORE-001009,COMP-009,Safaricom Retail - West Leila,Machakos,Medium
CSTORE-001010,COMP-009,Safaricom Retail - Lake Rosemary,Uasin Gishu,Large
CSTORE-001011,COMP-009,Safaricom Retail - Port Lilianmouth,Nandi,Medium
CSTORE-001012,COMP-009,Safaricom Retail - Otienoborough,Tharaka Nithi,Large
CSTORE-001013,COMP-009,Safaricom Retail - Lake James,Marsabit,Large
CSTORE-001014,COMP-009,Safaricom Retail - Dorcastown,Kirinyaga,Medium
CSTORE-001015,COMP-009,Safaricom Retail - South Musachester,Lamu,Large
CSTORE-001016,COMP-009,Safaricom Retail - South Musyoki,Mandera,Large
CSTORE-001017,COMP-009,Safaricom Retail - Njokifurt,Wajir,Small
CSTORE-001018,COMP-009,Safaricom Retail - Port Chegeshire,Taita Taveta,Large
CSTORE-001019,COMP-009,Safaricom Retail - East Nyambura,Garissa,Large
CSTORE-001020,COMP-009,Safaricom Retail - West Josephview,Taita Taveta,Large
CSTORE-001021,COMP-009,Safaricom Retail - North Salimfurt,Mombasa,Medium
CSTORE-001022,COMP-009,Safaricom Retail - Lake Samuel,Meru,Small
CSTORE-001023,COMP-009,Safaricom Retail - West Vitalisfort,Trans Nzoia,Medium
CSTORE-001024,COMP-009,Safaricom Retail - South Moureenburgh,Bungoma,Large
CSTORE-001025,COMP-009,Safaricom Retail - Atienoville,Kisumu,Medium
CSTORE-001026,COMP-009,Safaricom Retail - Kennedyborough,Makueni,Small
CSTORE-001027,COMP-009,Safaricom Retail - Kipngenoside,Kakamega,Small
CSTORE-001028,COMP-009,Safaricom Retail - Elizabethport,Makueni,Medium
CSTORE-001029,COMP-009,Safaricom Retail - North Brian,Elgeyo Marakwet,Large
CSTORE-001030,COMP-009,Safaricom Retail - Atienostad,Uasin Gishu,Large
CSTORE-001031,COMP-009,Safaricom Retail - South Stephenfort,Laikipia,Large
CSTORE-001032,COMP-009,Safaricom Retail - North Joseph,Bungoma,Small
CSTORE-001033,COMP-009,Safaricom Retail - Lake William,Tana River,Small
CSTORE-001034,COMP-009,Safaricom Retail - South Kemuntoport,Busia,Medium
CSTORE-001035,COMP-009,Safaricom Retail - Kipronoview,Machakos,Medium
CSTORE-001036,COMP-009,Safaricom Retail - Lake Frankburgh,Murang'a,Medium
CSTORE-001037,COMP-009,Safaricom Retail - Rosemarystad,Machakos,Large
CSTORE-001038,COMP-009,Safaricom Retail - South Brian,Murang'a,Medium
CSTORE-001039,COMP-009,Safaricom Retail - Chepkorirbury,Samburu,Small
CSTORE-001040,COMP-009,Safaricom Retail - Ramaberg,Kitui,Large
CSTORE-001041,COMP-009,Safaricom Retail - North Graceside,Machakos,Medium
CSTORE-001042,COMP-009,Safaricom Retail - Gonashire,Baringo,Small
CSTORE-001043,COMP-009,Safaricom Retail - New James,Mombasa,Small
CSTORE-001044,COMP-009,Safaricom Retail - Kimelichester,Tharaka Nithi,Small
CSTORE-001045,COMP-009,Safaricom Retail - Opiyobury,Murang'a,Small
CSTORE-001046,COMP-009,Safaricom Retail - Ibrahimfurt,Bungoma,Medium
CSTORE-001047,COMP-009,Safaricom Retail - New Joramhaven,Marsabit,Large
CSTORE-001048,COMP-009,Safaricom Retail - North Dorine,Elgeyo Marakwet,Medium
CSTORE-001049,COMP-009,Safaricom Retail - Njeriburgh,Murang'a,Small
CSTORE-001050,COMP-009,Safaricom Retail - Port Patrick,Mandera,Large
CSTORE-001051,COMP-009,Safaricom Retail - South Danielchester,Turkana,Small
CSTORE-001052,COMP-009,Safaricom Retail - Port Mercy,Uasin Gishu,Small
CSTORE-001053,COMP-009,Safaricom Retail - Bonfaceland,Taita Taveta,Large
CSTORE-001054,COMP-009,Safaricom Retail - South Omariside,Busia,Small
CSTORE-001055,COMP-009,Safaricom Retail - Judyhaven,Tharaka Nithi,Small
CSTORE-001056,COMP-009,Safaricom Retail - Lumumbatown,Homa Bay,Large
CSTORE-001057,COMP-009,Safaricom Retail - Onyangoberg,Garissa,Medium
CSTORE-001058,COMP-009,Safaricom Retail - New Makori,Kisumu,Small
CSTORE-001059,COMP-009,Safaricom Retail - North Sifunaville,Garissa,Medium
CSTORE-001060,COMP-009,Safaricom Retail - Hannahstad,Laikipia,Small
CSTORE-001061,COMP-009,Safaricom Retail - Kibetfort,Mombasa,Medium
CSTORE-001062,COMP-009,Safaricom Retail - Mwangiview,Kiambu,Medium
CSTORE-001063,COMP-009,Safaricom Retail - Wambuifurt,Murang'a,Small
CSTORE-001064,COMP-009,Safaricom Retail - South Achiengmouth,Turkana,Small
CSTORE-001065,COMP-009,Safaricom Retail - North Diana,Meru,Small
CSTORE-001066,COMP-009,Safaricom Retail - Peristown,Kwale,Large
CSTORE-001067,COMP-009,Safaricom Retail - Halimaport,Kisumu,Medium
CSTORE-001068,COMP-009,Safaricom Retail - Mainafort,Siaya,Medium
CSTORE-001069,COMP-010,Equity Group Retail - Port Joshuaport,Trans Nzoia,Large
CSTORE-001070,COMP-010,Equity Group Retail - Osoromouth,West Pokot,Medium
CSTORE-001071,COMP-010,Equity Group Retail - Susanland,Narok,Medium
CSTORE-001072,COMP-010,Equity Group Retail - South Isaac,Samburu,Large
CSTORE-001073,COMP-010,Equity Group Retail - Kirwahaven,Kakamega,Large
CSTORE-001074,COMP-010,Equity Group Retail - Judithhaven,Kajiado,Medium
CSTORE-001075,COMP-010,Equity Group Retail - North Omondi,Kisumu,Medium
CSTORE-001076,COMP-010,Equity Group Retail - Abdihaven,Nyandarua,Large
CSTORE-001077,COMP-010,Equity Group Retail - East Patrickborough,Nyandarua,Large
CSTORE-001078,COMP-010,Equity Group Retail - East Peterton,Kilifi,Medium
CSTORE-001079,COMP-010,Equity Group Retail - Annview,Tharaka Nithi,Medium
CSTORE-001080,COMP-010,Equity Group Retail - Tabithahaven,Siaya,Medium
CSTORE-001081,COMP-010,Equity Group Retail - Musembiville,Laikipia,Large
CSTORE-001082,COMP-010,Equity Group Retail - East Mutuamouth,Trans Nzoia,Large
CSTORE-001083,COMP-010,Equity Group Retail - Port Mohamud,Kericho,Medium
CSTORE-001084,COMP-010,Equity Group Retail - Titusview,Nakuru,Small
CSTORE-001085,COMP-010,Equity Group Retail - West Peterton,Kwale,Medium
CSTORE-001086,COMP-010,Equity Group Retail - Port Emanuel,Machakos,Medium
CSTORE-001087,COMP-010,Equity Group Retail - Port Erick,Marsabit,Medium
CSTORE-001088,COMP-010,Equity Group Retail - Lake Mwangi,Isiolo,Medium
CSTORE-001089,COMP-010,Equity Group Retail - Makokhatown,Kwale,Large
CSTORE-001090,COMP-010,Equity Group Retail - Martinburgh,Embu,Small
CSTORE-001091,COMP-010,Equity Group Retail - East Juliusport,Embu,Medium
CSTORE-001092,COMP-010,Equity Group Retail - Silasfurt,Busia,Medium
CSTORE-001093,COMP-010,Equity Group Retail - Wangariborough,Uasin Gishu,Small
CSTORE-001094,COMP-010,Equity Group Retail - Ibrahimhaven,Marsabit,Large
CSTORE-001095,COMP-010,Equity Group Retail - Ndegwatown,Marsabit,Small
CSTORE-001096,COMP-010,Equity Group Retail - Calvinceport,Nyamira,Small
CSTORE-001097,COMP-010,Equity Group Retail - Lucyfort,Kericho,Medium
CSTORE-001098,COMP-010,Equity Group Retail - West Priscillahmouth,Meru,Large
CSTORE-001099,COMP-010,Equity Group Retail - Fredrickport,Kilifi,Small
CSTORE-001100,COMP-010,Equity Group Retail - East Ng'ang'a,Kericho,Medium
CSTORE-001101,COMP-010,Equity Group Retail - North Maureen,Isiolo,Small
CSTORE-001102,COMP-010,Equity Group Retail - Tanuiberg,Kajiado,Medium
CSTORE-001103,COMP-010,Equity Group Retail - Lake Abdihakimport,Kisii,Small
CSTORE-001104,COMP-010,Equity Group Retail - Pamelafurt,Isiolo,Medium
CSTORE-001105,COMP-010,Equity Group Retail - Mukhwanashire,Isiolo,Large
CSTORE-001106,COMP-010,Equity Group Retail - West Susan,Tana River,Medium
CSTORE-001107,COMP-010,Equity Group Retail - Lake Kilonzo,Elgeyo Marakwet,Medium
CSTORE-001108,COMP-010,Equity Group Retail - Oyoostad,Nandi,Small
CSTORE-001109,COMP-010,Equity Group Retail - Yvonneside,Nakuru,Large
CSTORE-001110,COMP-010,Equity Group Retail - West Kelvin,Turkana,Small
CSTORE-001111,COMP-010,Equity Group Retail - Lake Fredrick,Wajir,Medium
CSTORE-001112,COMP-010,Equity Group Retail - Lake Rael,Tharaka Nithi,Small
CSTORE-001113,COMP-010,Equity Group Retail - East Wambuiport,West Pokot,Large
CSTORE-001114,COMP-010,Equity Group Retail - Musyimimouth,Mombasa,Large
CSTORE-001115,COMP-010,Equity Group Retail - Fredrickport,Baringo,Small
CSTORE-001116,COMP-010,Equity Group Retail - Kangogofort,Isiolo,Large
CSTORE-001117,COMP-010,Equity Group Retail - Port Mercyshire,Kakamega,Large
CSTORE-001118,COMP-010,Equity Group Retail - South Achienghaven,Murang'a,Small
CSTORE-001119,COMP-010,Equity Group Retail - Port Lucyhaven,Taita Taveta,Medium
CSTORE-001120,COMP-010,Equity Group Retail - Mutukuberg,Garissa,Small
CSTORE-001121,COMP-010,Equity Group Retail - East Salim,Kisumu,Small
CSTORE-001122,COMP-010,Equity Group Retail - Wambuiburgh,Bungoma,Small
CSTORE-001123,COMP-010,Equity Group Retail - South Timothyburgh,Isiolo,Medium
CSTORE-001124,COMP-010,Equity Group Retail - Mercytown,Taita Taveta,Medium
