store_id,date,sales_kes,cost_of_goods_sold,gross_margin,operating_expenses,net_profit
STOR-0001,1/1/2016,249816.05,172408.76,77407.29,117839.27,-40431.98
STOR-0002,1/1/2016,339463.39,180324.22,159139.17,48719.34,110419.83
STOR-0003,1/1/2016,123233.44,82965.09,40268.35,102133.8,-61865.45
STOR-0004,1/1/2016,383229.03,193192.23,190036.8,146389.18,43647.62
STOR-0005,1/1/2016,432977.06,234876.12,198100.94,51819,146281.94
STOR-0006,1/1/2016,173361.8,97229.7,76132.1,92970.77,-16838.67
STOR-0007,1/1/2016,272778.01,152277.19,120500.82,103422.35,17078.47
STOR-0008,1/1/2016,155797.54,87001.85,68795.69,73963.42,-5167.73
STOR-0009,1/1/2016,282427.99,185565.13,96862.86,53960.85,42902.01
STOR-0010,1/1/2016,305693.78,189066.38,116627.4,35574.05,81053.35
STOR-0011,1/1/2016,343017.94,183207.54,159810.4,37806.19,122004.21
STOR-0012,1/1/2016,479554.21,332391.69,147162.52,127007.68,20154.84
STOR-0013,1/1/2016,221845.51,115256.38,106589.13,112107.96,-5518.83
STOR-0014,1/1/2016,276061,144768.5,131292.5,89421.23,41871.27
STOR-0015,1/1/2016,113755.41,77565.73,36189.68,61053.6,-24863.92
STOR-0016,1/1/2016,365008.91,205259.92,159748.99,92408.16,67340.83
STOR-0017,1/1/2016,318684.11,171124.09,147560.02,146350.16,1209.86
STOR-0018,1/1/2016,410053.13,282075.46,127977.67,137379.28,-9401.61
STOR-0019,1/1/2016,339159.99,232112.57,107047.42,40619.1,66428.32
STOR-0020,1/1/2016,178393.14,90810.22,87582.92,69039.64,18543.28
STOR-0021,1/1/2016,255470.92,141599.82,113871.1,129448.5,-15577.4
STOR-0022,1/1/2016,242701.33,134987.3,107714.03,95123.53,12590.5
STOR-0023,1/1/2016,156369.69,103272.7,53096.99,38946.08,14150.91
STOR-0024,1/1/2016,494754.77,323791.74,170963.03,53845.88,117117.15
STOR-0025,1/1/2016,102208.85,67773.9,34434.95,114822.88,-80387.93
STOR-0026,1/1/2016,391602.87,256207.77,135395.1,38885.36,96509.74
STOR-0027,1/1/2016,243386.29,127333.33,116052.96,133572.41,-17519.45
STOR-0028,1/1/2016,349319.25,197777.43,151541.82,37627,113914.82
STOR-0029,1/1/2016,224392.93,126790.23,97602.7,117552.74,-19950.04
STOR-0030,1/1/2016,355022.99,240507.68,114515.31,86665.79,27849.52
STOR-0031,1/1/2016,147837.7,95007.74,52829.96,121294.21,-68464.25
STOR-0032,1/1/2016,324510.88,212292.89,112217.99,89255.47,22962.52
STOR-0033,1/1/2016,309093.13,180976.56,128116.57,33050.3,95066.27
STOR-0034,1/1/2016,143156.57,72478.14,70678.43,106369.25,-35690.82
STOR-0035,1/1/2016,225742.39,135832.39,89910,138907.98,-48997.98
STOR-0036,1/1/2016,199716.89,116250.53,83466.36,120666.14,-37199.78
STOR-0037,1/1/2016,191519.27,98708.26,92811.01,64770.17,28040.84
STOR-0038,1/1/2016,164488.51,112829.17,51659.34,126974.45,-75315.11
STOR-0039,1/1/2016,353361.5,238268.87,115092.63,126440.65,-11348.02
STOR-0040,1/1/2016,174628.02,118487.17,56140.85,94721.07,-38580.22
STOR-0041,1/1/2016,422976.06,287293.06,135683,68160.42,67522.58
STOR-0042,1/1/2016,144020.77,78575.86,65444.91,81252.93,-15808.02
STOR-0043,1/1/2016,427205.91,287144.79,140061.12,30834.26,109226.86
STOR-0044,1/1/2016,304298.92,177553,126745.92,56652.94,70092.98
STOR-0045,1/1/2016,147946.15,83962.85,63983.3,143149.16,-79165.86
STOR-0046,1/1/2016,229281.17,138430.37,90850.8,114362.28,-23511.48
STOR-0047,1/1/2016,245451.84,170431.06,75020.78,145493.68,-70472.9
STOR-0048,1/1/2016,200712.92,120317.3,80395.62,66105.4,14290.22
STOR-0049,1/1/2016,213936.2,108546.39,105389.81,103147.72,2242.09
STOR-0050,1/1/2016,301071.61,153635.56,147436.05,63437.58,83998.47
STOR-0051,1/1/2016,463306.35,253851.28,209455.07,47387.38,162067.69
STOR-0052,1/1/2016,295781.1,206197.91,89583.19,59046.63,30536.56
STOR-0053,1/1/2016,368854.22,240612.43,128241.79,58516.51,69725.28
STOR-0054,1/1/2016,391286.54,224424.99,166861.55,105876.7,60984.85
