store_id,valid_from,valid_to,store_name,county,town,format,size_sqm,opening_date,closing_date,is_active
STOR-0001,2016-01-01,,Blue Canopy Maralal,Samburu,Maralal,Mini-mart,709,2016-01-01,,True
STOR-0002,2019-07-02,,Blue Canopy Siaya Town,Siaya,Siaya Town,Mini-mart,976,2019-07-02,,True
STOR-0003,2016-01-01,,Blue Canopy Changamwe,Mombasa,Changamwe,Hypermarket,9805,2016-01-01,,True
STOR-0004,2023-13-45,2023-13-45,Blue Canopy Kapsabet,Nandi,Kapsabet,Express,179,2023-13-45,2023-13-45,True
STOR-0005,2016-01-01,,Blue Canopy Kwale Town,Kwale,Kwale Town,Express,409,2016-01-01,,True
STOR-0006,2017-09-04,,Blue Canopy Kondele,Kisumu,Kondele,Supermarket,7522,2017-09-04,2018-10-26,False
STOR-0007,2019-04-23,,Blue Canopy Baragoi,Samburu,Baragoi,Mini-mart,1092,2019-04-23,,True
STOR-0008,2016-05-15,,Blue Canopy Kerugoya,Kirinyaga,Kerugoya,Express,183,2016-05-15,,True
STOR-0009,2021-11-21,,Blue Canopy Othaya,Nyeri,Othaya,Mini-mart,1593,2021-11-21,,True
STOR-0010,2016-05-21,,Blue Canopy Mosocho,Kisii,Mosocho,Mini-mart,1902,2016-05-21,,True
STOR-0011,2023-01-26,,Blue Canopy Naivasha,Nakuru,Naivasha,Express,133,2023-01-26,,True
STOR-0012,2016-01-01,,Blue Canopy Rongo,Migori,Rongo,Hypermarket,9170,2016-01-01,,True
STOR-0013,2021-10-14,,Blue Canopy Maragua,Murang'a,Maragua,Hypermarket,10965,2021-10-14,,True
STOR-0014,2017-02-25,,Blue Canopy Shinyalu,Kakamega,Shinyalu,Supermarket,4252,2017-02-25,,True
STOR-0015,2019-02-13,,Blue Canopy Sigor,West Pokot,Sigor,Hypermarket,12334,2019-02-13,,True
STOR-0016,2020-12-04,,Blue Canopy Homa Bay Town,Homa Bay,Homa Bay Town,Express,493,2020-12-04,,True
STOR-0017,2016-03-15,,Blue Canopy Kangundo,Machakos,Kangundo,Express,356,2016-03-15,,True
STOR-0018,2023-11-10,,Blue Canopy Chuka,Tharaka Nithi,Chuka,Mini-mart,813,2023-11-10,,True
STOR-0019,2019-06-16,,Blue Canopy Kisii Town,Kisii,Kisii Town,Express,257,2019-06-16,,True
STOR-0020,2016-01-01,,Blue Canopy Murang'a Town,Murang'a,Murang'a Town,Mini-mart,762,2016-01-01,,True
STOR-0021,2016-01-01,,Blue Canopy Mbita,Homa Bay,Mbita,Mini-mart,1604,2016-01-01,,True
STOR-0022,2021-05-13,,Blue Canopy Narok Town,Narok,Narok Town,,324,2021-05-13,2023-04-08,False
STOR-0023,2016-01-01,,Blue Canopy Isiolo Town,Isiolo,Isiolo Town,Mini-mart,1705,2016-01-01,,True
STOR-0024,2020-01-08,2021-06-16,Blue Canopy Limuru,Kiambu,Limuru,Supermarket,5706,2020-01-08,,True
STOR-0024,2021-06-16,,Blue Canopy Limuru,Kiambu,Limuru,,9083,2020-01-08,,True
STOR-0025,2016-01-01,,Blue Canopy Madogo,Tana River,Madogo,Supermarket,3794,2016-01-01,,True
STOR-0026,2016-08-28,,Blue Canopy Mpeketoni,Lamu,Mpeketoni,Supermarket,3496,2016-08-28,,True
STOR-0027,2016-01-01,2016-12-01,Blue Canopy Kwale Town,Kwale,Kwale Town,Mini-mart,1364,2016-01-01,,True
STOR-0027,2016-12-01,2023-09-19,Blue Canopy Kwale Town,Kwale,Kwale Town,Supermarket,1364,2016-01-01,,True
STOR-0027,2023-09-19,,Blue Canopy Kwale Town,Kwale,Kwale Town,Supermarket,1364,2016-01-01,,True
STOR-0028,2018-01-03,,Blue Canopy Bahati,Nakuru,Bahati,Mini-mart,840,2018-01-03,,True
STOR-0029,2023-07-02,,Blue Canopy Wote,Makueni,Wote,Supermarket,6198,2023-07-02,,True
STOR-0030,2016-12-24,,Blue Canopy Mwingi,Kitui,Mwingi,Hypermarket,9268,2016-12-24,2018-08-15,False
STOR-0031,2019-12-18,2022-10-17,Blue Canopy Nyeri Town,Nyeri,Nyeri Town,Express,129,2019-12-18,,True
STOR-0031,2022-10-17,2024-04-29,Blue Canopy Nyeri Town,Nyeri,Nyeri Town,Mini-mart,1540,2019-12-18,,True
STOR-0031,2024-04-29,,Blue Canopy Nyeri Town,Nyeri,Nyeri Town,Mini-mart,639,2019-12-18,,True
STOR-0032,2016-02-19,,Blue Canopy Kapenguria,West Pokot,Kapenguria,Supermarket,3671,2016-02-19,,True
STOR-0033,2016-01-01,,Blue Canopy Luanda,Vihiga,Luanda,Mini-mart,1043,2016-01-01,,True
STOR-0034,2017-06-25,,Blue Canopy Lokichoggio,Turkana,Lokichoggio,Supermarket,6754,2017-06-25,,True
STOR-0035,2023-13-45,2023-13-45,Blue Canopy Migori Town,Migori,Migori Town,Mini-mart,1214,2023-13-45,2023-13-45,True
STOR-0036,2016-01-01,,Blue Canopy Maragua,Murang'a,Maragua,Express,413,2016-01-01,,True
STOR-0037,2020-09-10,,Blue Canopy Kitale,Trans Nzoia,Kitale,Supermarket,4100,2020-09-10,,True
STOR-0038,2016-01-01,,Blue Canopy Laare,Meru,Laare,Express,204,2016-01-01,,True
STOR-0039,2017-05-28,,Blue Canopy Rumuruti,Laikipia,Rumuruti,Hypermarket,14794,2017-05-28,,True
STOR-0040,2022-03-21,,Blue Canopy Lang'ata,Nairobi,Lang'ata,Hypermarket,12519,2022-03-21,2022-10-02,False
STOR-0041,2016-01-01,,Blue Canopy Homa Bay Town,Homa Bay,Homa Bay Town,Supermarket,6024,2016-01-01,,True
STOR-0042,2016-01-01,,Blue Canopy Chwele,Bungoma,Chwele,Supermarket,5931,2016-01-01,,True
STOR-0043,2016-01-01,,Blue Canopy Murang'a Town,Murang'a,Murang'a Town,Mini-mart,984,2016-01-01,,True
STOR-0044,2016-01-01,,Blue Canopy Rigoma,Nyamira,Rigoma,Hypermarket,14571,2016-01-01,,True
STOR-0045,2016-01-01,,Blue Canopy Maragua,Murang'a,Maragua,Supermarket,6855,2016-01-01,,True
STOR-0046,2016-01-01,,Blue Canopy Mwingi,Kitui,Mwingi,Mini-mart,1316,2016-01-01,,True
STOR-0047,2016-01-01,2020-04-15,Blue Canopy Juja,Kiambu,Juja,Express,114,2016-01-01,,True
STOR-0047,2020-04-15,2021-12-19,Blue Canopy Juja,Kiambu,Juja,Express,405,2016-01-01,,True
STOR-0047,2021-12-19,,Blue Canopy Juja,Kiambu,Juja,Express,405,2016-01-01,,True
STOR-0048,2016-10-07,,Blue Canopy Chuka,Tharaka Nithi,Chuka,Hypermarket,8013,2016-10-07,,True
STOR-0049,2021-12-24,2025-08-09,Blue Canopy Ugunja,Siaya,Ugunja,Express,320,2021-12-24,,True
STOR-0049,2025-08-09,,Blue Canopy Ugunja,Siaya,Ugunja,Express,320,2021-12-24,,True
STOR-0050,2018-05-22,,Blue Canopy Kangundo,Machakos,Kangundo,Hypermarket,13711,2018-05-22,,True
STOR-0051,2016-11-13,,Blue Canopy Mumias,Kakamega,Mumias,Mini-mart,1760,2016-11-13,,True
STOR-0052,2016-01-01,,Blue Canopy Wajir Town,Wajir,Wajir Town,Express,338,2016-01-01,,True
STOR-0053,2018-08-26,2020-01-06,Blue Canopy Kapenguria,West Pokot,Kapenguria,,1849,2018-08-26,,True
STOR-0053,2020-01-06,2025-02-22,Blue Canopy Kapenguria,West Pokot,Kapenguria,Mini-mart,1849,2018-08-26,,True
STOR-0053,2025-02-22,,Blue Canopy Kapenguria,West Pokot,Kapenguria,Mini-mart,594,2018-08-26,,True
STOR-0054,2019-02-15,,Blue Canopy Gatanga,Murang'a,Gatanga,Mini-mart,1971,2019-02-15,,True
STOR-0055,2016-01-01,,Blue Canopy Runyenjes,Embu,Runyenjes,Supermarket,6482,2016-01-01,,True
STOR-0056,2016-01-01,2017-12-21,Blue Canopy Kilgoris,Narok,Kilgoris,Supermarket,6739,2016-01-01,,True
STOR-0056,2017-12-21,2023-06-27,Blue Canopy Kilgoris,Narok,Kilgoris,Supermarket,6739,2016-01-01,,True
STOR-0056,2023-06-27,,Blue Canopy Kilgoris,Narok,Kilgoris,Hypermarket,6739,2016-01-01,,True
STOR-0057,2023-09-15,,Blue Canopy Madogo,Tana River,Madogo,Hypermarket,11686,2023-09-15,,True
STOR-0058,2022-09-16,2024-12-29,Blue Canopy Maragua,Murang'a,Maragua,Express,325,2022-09-16,,True
STOR-0058,2024-12-29,2025-07-03,Blue Canopy Maragua,Murang'a,Maragua,Express,376,2022-09-16,,True
STOR-0058,2025-07-03,,Blue Canopy Maragua,Murang'a,Maragua,Mini-mart,1921,2022-09-16,,True
STOR-0059,2016-01-01,2016-12-31,Blue Canopy Webuye,Bungoma,,Hypermarket,11406,2016-01-01,,True
STOR-0059,2016-12-31,2018-04-16,Blue Canopy Webuye,Bungoma,Webuye,Supermarket,11406,2016-01-01,,True
STOR-0059,2018-04-16,,Blue Canopy Webuye,Bungoma,Webuye,Supermarket,3048,2016-01-01,,True
STOR-0060,2022-07-28,,Blue Canopy Mpeketoni,Lamu,Mpeketoni,Hypermarket,12409,2022-07-28,,True
STOR-0061,2016-01-01,,Blue Canopy Ugunja,Siaya,Ugunja,Hypermarket,8237,2016-01-01,,True
STOR-0062,2021-03-27,,Blue Canopy Lokichoggio,Turkana,Lokichoggio,Mini-mart,1774,2021-03-27,,True
STOR-0063,2016-01-01,2020-03-18,Blue Canopy Wajir Town,Wajir,Wajir Town,Hypermarket,9488,2016-01-01,,True
STOR-0063,2020-03-18,2022-09-06,Blue Canopy Wajir Town,Wajir,Wajir Town,Hypermarket,14235,2016-01-01,,True
STOR-0063,2022-09-06,,Blue Canopy Wajir Town,Wajir,Wajir Town,Hypermarket,14815,2016-01-01,,True
STOR-0064,2023-02-16,,Blue Canopy El Wak,Mandera,El Wak,Supermarket,5866,2023-02-16,,True
STOR-0065,2016-01-01,,Blue Canopy Limuru,Kiambu,Limuru,Supermarket,4248,2016-01-01,,True
STOR-0066,2016-01-01,,Blue Canopy Mtito Andei,Makueni,Mtito Andei,Express,492,2016-01-01,,True
STOR-0067,2022-03-10,,Blue Canopy Kabarnet,Baringo,Kabarnet,Supermarket,5555,2022-03-10,,True
STOR-0068,2021-04-03,,Blue Canopy Dadaab,Garissa,Dadaab,Mini-mart,708,2021-04-03,,True
STOR-0069,2019-02-26,,Blue Canopy Longisa,Bomet,Longisa,Supermarket,5844,2019-02-26,2021-06-06,False
STOR-0070,2016-01-01,,Blue Canopy Lokichoggio,Turkana,Lokichoggio,Hypermarket,14736,2016-01-01,,True
STOR-0071,2023-13-45,2023-13-45,Blue Canopy Moyale,Marsabit,Moyale,Mini-mart,1568,2023-13-45,2023-13-45,True
STOR-0072,2022-09-25,,Blue Canopy Lessos,Nandi,Lessos,Hypermarket,14764,2022-09-25,,True
STOR-0073,2023-04-27,,Blue Canopy Mosoriot,Nandi,Mosoriot,Express,330,2023-04-27,,True
STOR-0074,2019-11-13,,Blue Canopy Mutomo,Kitui,Mutomo,Hypermarket,14971,2019-11-13,,True
STOR-0075,2016-01-01,2025-02-02,Blue Canopy Embu Town,Embu,Embu Town,Express,384,2016-01-01,,True
STOR-0075,2025-02-02,,Blue Canopy Embu Town,Embu,Embu Town,Hypermarket,384,2016-01-01,,True
STOR-0076,2020-12-16,,Blue Canopy Gatanga,Murang'a,Gatanga,Supermarket,3762,2020-12-16,,True
STOR-0077,2016-01-01,,Blue Canopy Wajir Town,Wajir,Wajir Town,Express,317,2016-01-01,,True
STOR-0078,2016-01-01,2016-12-10,Blue Canopy Ndhiwa,Homa Bay,Ndhiwa,Express,218,2016-01-01,,True
STOR-0078,2016-12-10,,Blue Canopy Ndhiwa,Homa Bay,Ndhiwa,Mini-mart,1491,2016-01-01,,True
STOR-0079,2019-09-20,,Blue Canopy Lessos,Nandi,Lessos,Supermarket,4590,2019-09-20,,True
STOR-0080,2016-01-01,,Blue Canopy Voi,Taita Taveta,Voi,Express,123,2016-01-01,,True
STOR-0081,2021-03-21,,Blue Canopy Ndhiwa,Homa Bay,Ndhiwa,Hypermarket,8840,2021-03-21,,True
STOR-0082,2017-08-15,,Blue Canopy Awendo,Migori,Awendo,Supermarket,5068,2017-08-15,,True
STOR-0083,2023-13-45,2023-13-45,Blue Canopy Wote,Makueni,Wote,Supermarket,4242,2023-13-45,2023-13-45,True
STOR-0083,2024-06-15,2025-09-16,Blue Canopy Wote,Makueni,Wote,Mini-mart,1352,2023-02-13,,True
STOR-0083,2025-09-16,,Blue Canopy Wote,Makueni,Wote,Mini-mart,1352,2023-02-13,,True
STOR-0084,2017-08-10,,Blue Canopy Wang'uru,Kirinyaga,Wang'uru,Hypermarket,10501,2017-08-10,,True
STOR-0085,2021-02-25,,Blue Canopy Njoro,Nakuru,Njoro,Mini-mart,1041,2021-02-25,,True
STOR-0086,2016-01-01,,Blue Canopy Ogembo,Kisii,Ogembo,Hypermarket,11690,2016-01-01,,True
STOR-0087,2016-01-01,,Blue Canopy Makindu,Makueni,Makindu,Hypermarket,8583,2016-01-01,,True
STOR-0088,2019-11-26,,Blue Canopy Rumuruti,Laikipia,Rumuruti,Hypermarket,8940,2019-11-26,,True
STOR-0089,2016-01-01,,Blue Canopy Kitale,Trans Nzoia,Kitale,Express,404,2016-01-01,,True
STOR-0090,2017-02-15,,Blue Canopy Awendo,Migori,Awendo,Hypermarket,10230,2017-02-15,,True
STOR-0091,2016-01-01,,Blue Canopy Runyenjes,Embu,Runyenjes,Express,409,2016-01-01,,True
STOR-0092,2020-10-19,,Blue Canopy Turbo,Uasin Gishu,Turbo,Express,395,2020-10-19,2023-01-10,False
STOR-0093,2018-11-15,,Blue Canopy Rigoma,Nyamira,Rigoma,Mini-mart,1698,2018-11-15,,True
STOR-0094,2017-06-14,,Blue Canopy Embu Town,Embu,Embu Town,Supermarket,4317,2017-06-14,,True
STOR-0095,2016-01-01,2025-10-06,Blue Canopy Kilgoris,Narok,Kilgoris,Supermarket,6725,2016-01-01,,True
STOR-0095,2025-10-06,,Blue Canopy Kilgoris,Narok,Kilgoris,Hypermarket,6725,2016-01-01,,True
STOR-0096,2017-07-02,,Blue Canopy Lavington,Nairobi,Lavington,Express,418,2017-07-02,,True
STOR-0097,2022-01-07,,Blue Canopy Baragoi,Samburu,Baragoi,Mini-mart,1089,2022-01-07,,True
STOR-0098,2016-01-01,2023-08-18,Blue Canopy Kilgoris,Narok,Kilgoris,Mini-mart,1953,2016-01-01,,True
STOR-0098,2023-08-18,,Blue Canopy Kilgoris,Narok,Kilgoris,Supermarket,3929,2016-01-01,,True
STOR-0099,2020-03-16,,Blue Canopy Kitui Town,Kitui,Kitui Town,Express,360,2020-03-16,,True
STOR-0100,2017-04-15,,Blue Canopy El Wak,Mandera,El Wak,Hypermarket,9561,2017-04-15,,True
STOR-0101,2023-02-09,,Blue Canopy Chuka,Tharaka Nithi,Chuka,Hypermarket,10784,2023-02-09,,True
STOR-0102,2023-01-10,,Blue Canopy Kathwana,Tharaka Nithi,Kathwana,Hypermarket,9217,2023-01-10,,True
STOR-0103,2016-01-01,,Blue Canopy Makindu,Makueni,Makindu,Hypermarket,10636,2016-01-01,,True
STOR-0104,2019-07-08,,Blue Canopy Narok Town,Narok,Narok Town,Hypermarket,8357,2019-07-08,,True
STOR-0105,2022-07-13,,Blue Canopy Mtito Andei,Makueni,,Mini-mart,1514,2022-07-13,2024-10-31,False
STOR-0106,2019-06-28,,Blue Canopy Shinyalu,Kakamega,Shinyalu,Hypermarket,8816,2019-06-28,,True
STOR-0107,2021-03-14,,Blue Canopy Kitui Town,Kitui,Kitui Town,Mini-mart,653,2021-03-14,,True
STOR-0108,2019-12-13,,Blue Canopy Nyahururu,Laikipia,Nyahururu,Express,445,2019-12-13,,True
STOR-0109,2020-12-25,,Blue Canopy Dadaab,Garissa,Dadaab,Supermarket,3560,2020-12-25,,True
STOR-0110,2016-01-01,,Blue Canopy Sigor,West Pokot,Sigor,Supermarket,3823,2016-01-01,,True
STOR-0111,2016-01-01,,Blue Canopy Kilgoris,Narok,Kilgoris,Express,283,2016-01-01,,True
STOR-0112,2018-07-19,2020-11-29,Blue Canopy Webuye,Bungoma,Webuye,Mini-mart,848,2018-07-19,,True
STOR-0112,2020-11-29,2025-03-23,Blue Canopy Webuye,Bungoma,Webuye,Mini-mart,1694,2018-07-19,,True
STOR-0112,2025-03-23,,Blue Canopy Webuye,Bungoma,Webuye,Hypermarket,1694,2018-07-19,,True
STOR-0113,2020-01-26,,Blue Canopy Mwingi,Kitui,Mwingi,Express,446,2020-01-26,,True
STOR-0114,2016-01-01,,Blue Canopy Kiambu Town,Kiambu,Kiambu Town,Hypermarket,13655,2016-01-01,,True
STOR-0115,2016-08-04,,Blue Canopy Bomet Town,Bomet,Bomet Town,Express,394,2016-08-04,,True
STOR-0116,2016-01-01,,Blue Canopy Kilgoris,Narok,Kilgoris,Supermarket,7967,2016-01-01,,True
STOR-0117,2019-06-08,,Blue Canopy Kericho Town,Kericho,Kericho Town,Express,447,2019-06-08,,True
STOR-0118,2020-02-21,2025-08-23,Blue Canopy Lodwar,Turkana,Lodwar,Express,325,2020-02-21,,True
STOR-0118,2025-08-23,,Blue Canopy Lodwar,Turkana,Lodwar,Express,251,2020-02-21,,True
STOR-0119,2016-01-01,,Blue Canopy Mariakani,Kilifi,Mariakani,Express,371,2016-01-01,,True
STOR-0120,2016-01-01,,Blue Canopy Kapsabet,Nandi,Kapsabet,Express,158,2016-01-01,,True
STOR-0121,2022-04-28,,Blue Canopy Ruiru,Kiambu,Ruiru,Hypermarket,14928,2022-04-28,,True
STOR-0122,2022-07-01,,Blue Canopy Voi,Taita Taveta,Voi,,6725,2022-07-01,,True
STOR-0123,2019-07-27,,Blue Canopy Sigor,West Pokot,Sigor,Express,155,2019-07-27,,True
STOR-0124,2019-09-11,2022-07-21,Blue Canopy Wote,Makueni,Wote,Mini-mart,1826,2019-09-11,,True
STOR-0124,2022-07-21,2023-01-27,Blue Canopy Wote,Makueni,Wote,Mini-mart,1336,2019-09-11,,True
STOR-0124,2023-01-27,,Blue Canopy Wote,Makueni,Wote,Supermarket,1336,2019-09-11,,True
STOR-0125,2016-01-01,,Blue Canopy Sotik,Bomet,Sotik,Mini-mart,1295,2016-01-01,,True
STOR-0126,2019-12-24,2021-10-30,Blue Canopy Lokichoggio,Turkana,Lokichoggio,Hypermarket,13365,2019-12-24,,True
STOR-0126,2021-10-30,2025-04-16,Blue Canopy Lokichoggio,Turkana,Lokichoggio,Hypermarket,13365,2019-12-24,,True
STOR-0126,2025-04-16,,Blue Canopy Lokichoggio,Turkana,Lokichoggio,Express,327,2019-12-24,,True
STOR-0127,2016-01-01,,Blue Canopy Maragua,Murang'a,Maragua,Express,131,2016-01-01,,True
STOR-0128,2023-08-03,,Blue Canopy Ol Kalou,Nyandarua,Ol Kalou,Supermarket,3414,2023-08-03,,True
STOR-0129,2022-10-07,,Blue Canopy Kangema,Murang'a,Kangema,Mini-mart,1700,2022-10-07,,True
STOR-0130,2022-03-26,,Blue Canopy Sagana,Kirinyaga,Sagana,Supermarket,5271,2022-03-26,,True
STOR-0131,2018-05-26,2022-06-27,Blue Canopy Webuye,Bungoma,Webuye,Supermarket,4079,2018-05-26,,True
STOR-0131,2022-06-27,,Blue Canopy Webuye,Bungoma,Webuye,Supermarket,3429,2018-05-26,,True
STOR-0132,2018-02-24,,Blue Canopy Butere,Kakamega,Butere,Hypermarket,14373,2018-02-24,,True
STOR-0133,2017-09-08,,Blue Canopy Mbale,Vihiga,Mbale,Supermarket,7271,2017-09-08,,True
STOR-0134,2016-01-01,,Blue Canopy Kitale,Trans Nzoia,Kitale,Supermarket,7016,2016-01-01,,True
STOR-0135,2016-01-01,,Blue Canopy Isiolo Town,Isiolo,Isiolo Town,Mini-mart,1063,2016-01-01,,True
STOR-0136,2016-10-17,,Blue Canopy Luanda,Vihiga,Luanda,Hypermarket,8812,2016-10-17,,True
STOR-0137,2021-04-14,,Blue Canopy Masinga,Machakos,Masinga,Mini-mart,1347,2021-04-14,,True
STOR-0138,2016-12-04,,Blue Canopy Mwingi,Kitui,Mwingi,Express,440,2016-12-04,,True
STOR-0139,2016-01-01,,Blue Canopy Chwele,Bungoma,Chwele,Hypermarket,8791,2016-01-01,,True
STOR-0140,2018-01-19,,Blue Canopy Voi,Taita Taveta,,Express,443,2018-01-19,2019-09-16,False
STOR-0141,2023-12-02,,Blue Canopy Mpeketoni,Lamu,Mpeketoni,Express,280,2023-12-02,2025-09-06,False
STOR-0142,2016-01-01,,Blue Canopy Chuka,Tharaka Nithi,Chuka,Supermarket,5868,2016-01-01,,True
STOR-0143,2022-05-19,,Blue Canopy Voi,Taita Taveta,Voi,Hypermarket,14923,2022-05-19,,True
STOR-0144,2019-11-27,,Blue Canopy Iten,Elgeyo Marakwet,Iten,Supermarket,4477,2019-11-27,,True
STOR-0145,2016-01-01,2022-04-13,Blue Canopy Sotik,Bomet,Sotik,Hypermarket,8570,2016-01-01,,True
STOR-0145,2022-04-13,,Blue Canopy Sotik,Bomet,Sotik,Mini-mart,1429,2016-01-01,,True
STOR-0146,2016-01-01,2021-03-21,Blue Canopy Kwale Town,Kwale,Kwale Town,Supermarket,3430,2016-01-01,,True
STOR-0146,2021-03-21,,Blue Canopy Kwale Town,Kwale,Kwale Town,Supermarket,6473,2016-01-01,,True
STOR-0147,2017-07-09,,Blue Canopy Siakago,Embu,Siakago,Supermarket,5827,2017-07-09,,True
STOR-0148,2020-10-16,,Blue Canopy Ainamoi,Kericho,Ainamoi,Express,123,2020-10-16,,True
STOR-0149,2016-01-01,,Blue Canopy Kabarnet,Baringo,Kabarnet,Mini-mart,1023,2016-01-01,,True
STOR-0150,2017-12-14,,Blue Canopy Machakos Town,Machakos,Machakos Town,Hypermarket,12362,2017-12-14,,True
STOR-0020-DUP,2016-01-01,,Blue Canopy Murang'a Town,Murang'a,Murang'a Town,Mini-mart,762,2016-01-01,,True
STOR-0038-DUP,2016-01-01,,Blue Canopy Laare,Meru,Laare,Express,204,2016-01-01,,True
