order_id,line_number,product_id,quantity,unit_price,discount_rate,line_total
ECORD-00000001,1,PROD-3732,4,2513.03,0.05,9549.51
ECORD-00000002,1,PROD-0520,4,6578.32,0,26313.28
ECORD-00000002,2,PROD-2726,2,1107.42,0,2214.84
ECORD-00000002,3,PROD-1389,3,60.3,0,180.9
ECORD-00000002,4,PROD-3344,1,8684.27,0.05,8250.06
ECORD-00000002,5,PROD-0303,3,1535.25,0,4605.75
ECORD-00000002,6,PROD-1272,3,297.32,0,891.96
ECORD-00000003,1,PROD-3878,2,1044.48,0,2088.96
ECORD-00000003,2,PROD-1193,2,903.89,0,1807.78
ECORD-00000003,3,PROD-1042,2,48535.75,0,97071.5
ECORD-00000004,1,PROD-0986,5,20298.75,0,101493.75
ECORD-00000004,2,PROD-1331,2,382.08,0,764.16
ECORD-00000005,1,PROD-2387,1,18456.21,0,18456.21
ECORD-00000006,1,PROD-3914,4,29688.01,0,118752.04
ECORD-00000007,1,PROD-2233,2,1957.61,0,3915.22
ECORD-00000008,1,PROD-4733,5,297.16,0.05,1411.51
ECORD-00000008,2,PROD-3781,5,209.86,0,1049.3
ECORD-00000008,3,PROD-4890,3,2422.7,0,7268.1
ECORD-00000008,4,PROD-0915,1,2230.34,0,2230.34
ECORD-00000009,1,PROD-4476-DUP,5,469.68,0,2348.4
ECORD-00000009,2,PROD-1414,1,2260.18,0,2260.18
ECORD-00000010,1,PROD-0136,3,309.99,0,929.97
ECORD-00000010,2,PROD-4952,3,4523.79,0,13571.37
ECORD-00000010,3,PROD-0577,2,7806.13,0.05,14831.65
ECORD-00000011,1,PROD-3585,4,4040.88,0,16163.52
ECORD-00000012,1,PROD-0994,4,150.34,0,601.36
ECORD-00000012,2,PROD-3784,4,5818.45,0,23273.8
ECORD-00000012,3,PROD-0515,1,200.29,0,200.29
ECORD-00000012,4,PROD-2112,3,547.35,0.05,1559.95
