transaction_id,card_number,date,amount,type,linked_transaction_id
GCT-00000001,GC4364646826449,2/14/2024,1000,issue,
GCT-00000002,GC4364646826449,10/7/2024,2022,issue,
GCT-00000003,GC4364646826449,3/6/2024,1603,redeem,TXN-   1053441
GCT-00000004,GC4364646826449,4/10/2024,250,redeem,ECORD-00250171
GCT-00000005,GC7687919060598,8/13/2023,10000,issue,
GCT-00000006,GC7687919060598,6/17/2024,1095,issue,
GCT-00000007,GC7687919060598,3/9/2024,4800,issue,
GCT-00000008,GC7738831180005,12/15/2016,1000,issue,
GCT-00000009,GC7738831180005,1/31/2017,901,redeem,ECORD-00182774
GCT-00000010,GC7738831180005,2/16/2017,4751,issue,
GCT-00000011,GC7738831180005,10/26/2017,4852,issue,
GCT-00000012,GC7738831180005,6/26/2017,2683,redeem,TXN-   2384391
GCT-00000013,GC8200453409773,4/13/2022,25000,issue,
GCT-00000014,GC8200453409773,8/3/2022,470,redeem,TXN-   2194509
GCT-00000015,GC8200453409773,5/30/2022,2401,redeem,ECORD-00471963
GCT-00000016,GC8200453409773,1/2/2023,671,redeem,TXN-   1170438
GCT-00000017,GC2950360302572,8/14/2025,25000,issue,
GCT-00000018,GC2950360302572,9/26/2025,2900,redeem,TXN-   1507836
GCT-00000019,GC2950360302572,11/2/2025,1996,redeem,TXN-    989629
GCT-00000020,GC8825927960284,10/19/2025,25000,issue,
GCT-00000021,GC8825927960284,11/7/2025,3789,redeem,TXN-   1026835
GCT-00000022,GC8825927960284,10/19/2025,3492,redeem,TXN-    846571
GCT-00000023,GC8973118842132,2/13/2017,5000,issue,
GCT-00000024,GC8973118842132,2/24/2017,666,redeem,TXN-    520407
GCT-00000025,GC8973118842132,8/13/2017,2251,redeem,TXN-   1660759
GCT-00000026,GC8973118842132,7/2/2017,3292,issue,
GCT-00000027,GC8973118842132,5/2/2017,1125,redeem,TXN-   1888498
GCT-00000028,GC8973118842132,12/17/2017,3969,redeem,TXN-    246669
GCT-00000029,GC9001758803791,2/20/2024,5000,issue,
GCT-00000030,GC9001758803791,7/4/2024,3784,redeem,ECORD-00677067
GCT-00000031,GC9001758803791,10/7/2024,1175,redeem,TXN-    803702
