card_number,customer_id,issue_date,expiry_date,initial_balance,current_balance,transaction_ids
GC4364646826449,CUST-029787,2/14/2024,2/13/2025,1000,1169,"TXN-   1053441,ECORD-00250171"
GC7687919060598,CUST-006701,8/13/2023,8/12/2024,10000,15895,
GC7738831180005,CUST-073626,12/15/2016,12/15/2017,1000,7019,"ECORD-00182774,TXN-   2384391"
GC8200453409773,CUST-065560,4/13/2022,4/13/2023,25000,21458,"TXN-   2194509,ECORD-00471963,TXN-   1170438"
GC2950360302572,CUST-059732,8/14/2025,8/14/2026,25000,20104,"TXN-   1507836,TXN-    989629"
GC8825927960284,CUST-037331,10/19/2025,10/19/2026,25000,17719,"TXN-   1026835,TXN-    846571"
GC8973118842132,CUST-027417,2/13/2017,2/13/2018,5000,281,"TXN-    520407,TXN-   1660759,TXN-   1888498,TXN-    246669"
GC9001758803791,CUST-145918,2/20/2024,2/19/2025,5000,41,"ECORD-00677067,TXN-    803702"
GC5041317557791,CUST-023251,10/8/2018,10/8/2019,25000,26698,TXN-    573342
GC2246830979552,CUST-112864,1/18/2016,1/17/2017,10000,5771,"TXN-   2138660,TXN-    693785"
GC7116228735753,CUST-008505,6/25/2021,6/25/2022,10000,2309,"TXN-   2215716,TXN-   2180223,TXN-   2006241"
GC3912394221190,CUST-007974,8/12/2019,8/11/2020,2500,6076,"TXN-    861191,ECORD-00153100,TXN-    591021"
GC5778541709793,CUST-025059,9/14/2021,9/14/2022,5000,3189,TXN-     37620
GC1070731820600,CUST-058501,6/13/2024,6/13/2025,1000,4381,"TXN-   1430592,TXN-   1736948,TXN-   1824597"
GC2874505618766,CUST-062270,6/8/2022,6/8/2023,10000,11517,TXN-    223669
GC6168076654919,CUST-135213,12/18/2016,12/18/2017,5000,443,"ECORD-00572361,ECORD-00572361,ECORD-00760969"
GC7025519647102,CUST-007108,3/12/2020,3/12/2021,2500,5321,ECORD-00452898
GC1025369819938,CUST-082932-DUP,10/29/2025,10/29/2026,1000,2824,"ECORD-00296543,TXN-   1528179"
GC9030865020067,CUST-053192,8/22/2018,8/22/2019,1000,6232,"TXN-   1001735,TXN-   1105365"
GC6797595202426,CUST-145804,6/1/2023,5/31/2024,2500,6998,TXN-    216716
GC4532939195783,CUST-112222,11/14/2024,11/14/2025,1000,1594,"ECORD-00766974,TXN-    713917,TXN-    399074"
GC7833814527966,CUST-058993,7/12/2017,7/12/2018,5000,3227,TXN-    753076
GC6318858056998,CUST-120173,6/29/2020,6/29/2021,2500,22,"TXN-   1580649,TXN-   1580649,TXN-   1840087,TXN-   1858424"
GC7993903784188,CUST-074466,5/19/2024,5/19/2025,25000,22893,"TXN-    232944,ECORD-00152275"
GC1944828002862,CUST-001740,1/30/2016,1/29/2017,1000,2563,
GC6750179423359,CUST-042723,10/3/2020,10/3/2021,1000,775,"TXN-   1066195,TXN-   1766443,TXN-   1766443,ECORD-00313165"
GC3463215257189,CUST-113051,5/7/2023,5/6/2024,2500,3050,"TXN-    307439,ECORD-00727143,TXN-   1881985"
GC4839409425339,CUST-091048,10/28/2016,10/28/2017,1000,7033,"ECORD-00260345,ECORD-00532510"
GC3437848813638,CUST-074382,6/1/2017,6/1/2018,1000,4361,TXN-    100825
