transaction_id,line_number,product_id,quantity,unit_price,discount_rate,discount_source,line_total
TXN-         1,1,PROD-4876,9,1742.73,0,,15684.57
TXN-         1,2,PROD-0225,10,1759.34,0,,17593.4
TXN-         2,1,PROD-3091,10,5982.76,0,,59827.6
TXN-         2,2,PROD-2963,9,1782.32,0,,16040.88
TXN-         2,3,PROD-2039,9,579.45,0,,5215.05
TXN-         2,4,PROD-2589,4,1618.53,0,,6474.12
TXN-         2,5,PROD-2628,10,462.96,0,,4629.6
TXN-         2,6,PROD-4316,1,3375.05,0,,3375.05
TXN-         2,7,PROD-3757,7,406.34,0,,2844.38
TXN-         2,8,PROD-1389,5,60.3,0,,301.5
TXN-         3,1,PROD-0303,6,1535.25,0,,9211.5
TXN-         3,2,PROD-1567,10,139.9,0,,1399
TXN-         3,3,PROD-2571,1,174.11,0,,174.11
TXN-         3,4,PROD-1204,9,1739.07,0,,15651.63
TXN-         4,1,PROD-3999,6,8880.28,0,,53281.68
TXN-         4,2,PROD-3878,4,1044.48,0,,4177.92
TXN-         4,3,PROD-2256,1,3247.87,0,,3247.87
TXN-         5,1,PROD-0843,5,1901.05,0,,9505.25
TXN-         6,1,PROD-3774,5,12002.94,0,,60014.7
TXN-         7,1,PROD-0468,8,38933.12,0,,311464.96
TXN-         8,1,PROD-1321,4,6935.26,0,,27741.04
TXN-         8,2,PROD-2786,6,4465.42,0,,26792.52
TXN-         8,3,PROD-3907,5,338.22,0,,1691.1
TXN-         8,4,PROD-2057,4,187.58,0,,750.32
TXN-         8,5,PROD-4026,6,3098.21,0,,18589.26
TXN-         9,1,PROD-3335,5,343.31,0,,1716.55
TXN-         9,2,PROD-3382,4,1437.42,0,,5749.68
TXN-         9,3,PROD-0668,9,13588.66,0,,122297.94
TXN-        10,1,PROD-4494,3,33.44,0,,100.32
TXN-        10,2,PROD-3249,8,54977.03,0,,439816.24
TXN-        10,3,PROD-4475,1,4248.15,0,,4248.15
