transaction_id,transaction_date,store_id,customer_id,cashier_id,payment_method,total_amount
TXN-         1,2016-01-01T09:01:00,STOR-0071,CUST-065560,EMP-000281,Card,33277.97
TXN-         2,2016-01-01T19:02:00,STOR-0008,CUST-025059,EMP-000029,Card,98708.18
TXN-         3,2016-01-01T10:13:00,STOR-0087,CUST-027342,EMP-000346,Cheque,26436.24
TXN-         4,2016-01-01T09:59:00,STOR-0097,CUST-021069,EMP-000387,Mobile Money,60707.47
TXN-         5,2016-01-01T13:49:00,STOR-0075,CUST-021337,EMP-000297,Cash,9505.25
TXN-         6,2016-01-01T20:40:00,STOR-0094,CUST-043525,EMP-000375,Mobile Money,60014.7
TXN-         7,2016-01-01T08:38:00,STOR-0044,CUST-142918,EMP-000175,Card,311464.96
TXN-         8,2016-01-01T18:17:00,STOR-0143,CUST-058766,EMP-000571,Mobile Money,75564.24
TXN-         9,2016-01-01T12:41:00,STOR-0128,CUST-105846,EMP-000511,Cheque,129764.17
TXN-        10,2016-01-01T14:47:00,STOR-0150,CUST-114611,EMP-000599,Mobile Money,448269.13
TXN-        11,2016-01-01T11:50:00,STOR-0109,CUST-016991,EMP-000434,Cheque,7651.6
TXN-        12,2016-01-01T22:16:00,STOR-0142,CUST-003072,EMP-000567,Cash,613467.52
TXN-        13,2016-01-01T10:23:00,STOR-0042,CUST-144319,EMP-000167,Cash,72060.64
TXN-        14,2016-01-01T08:05:00,STOR-0125,CUST-018508,EMP-000499,Card,32327.04
TXN-        15,2016-01-01T11:16:00,STOR-0136,CUST-113196,EMP-000541,Mixed,76630.45
TXN-        16,2016-01-01T18:42:00,STOR-0096,CUST-117208,EMP-000383,Cheque,9963.52
TXN-        17,2016-01-01T13:04:00,STOR-0087,CUST-005631,EMP-000346,Mixed,21974.17
TXN-        18,2016-01-01T13:04:00,STOR-0009,CUST-088423,EMP-000033,Mixed,69993.94
TXN-        19,2016-01-01T10:46:00,STOR-0147,CUST-126469,EMP-000585,Cheque,6262
TXN-        20,2016-01-01T19:22:00,STOR-0109,CUST-109971,EMP-000434,Cash,1670.99
TXN-        21,2016-01-01T18:46:00,STOR-0087,CUST-029238,EMP-000346,Card,62374.89
TXN-        22,2016-01-01T14:29:00,STOR-0064,CUST-020157,EMP-000255,Mixed,719.35
TXN-        23,2016-01-01T06:05:00,STOR-0061,CUST-044503,EMP-000242,Cheque,56.16
TXN-        24,2016-01-01T18:57:00,STOR-0016,CUST-044057,EMP-000062,Cash,21461.85
TXN-        25,2016-01-01T19:44:00,STOR-0143,CUST-130220,EMP-000569,Card,8587.98
TXN-        26,2016-01-01T07:47:00,STOR-0081,CUST-015289,EMP-000321,Mixed,18925.29
TXN-        27,2016-01-01T08:38:00,STOR-0018,CUST-062955,EMP-000070,Cash,2499.48
TXN-        28,2016-01-01T07:39:00,STOR-0021,CUST-112144,EMP-000083,Mixed,183812.9
TXN-        29,2016-01-01T12:42:00,STOR-0081,CUST-063888,EMP-000322,Cheque,29718.41
