return_id,original_transaction_id,return_date,product_id,quantity_returned,refund_amount,return_reason
RET-00000001,TXN-         1,9/30/2018,PROD-0225,5,8796.7,Wrong Item
RET-00000002,TXN-        39,8/12/2021,PROD-1549,1,8149.28,Wrong Item
RET-00000003,TXN-        53,7/31/2018,PROD-3332,9,16462.17,Changed Mind
RET-00000004,TXN-        91,6/10/2023,PROD-4851,3,35190.99,Damaged
RET-00000005,TXN-        97,2/22/2023,PROD-2813,2,3739.38,Not as Described
RET-00000006,TXN-       119,1/1/2018,PROD-0380,5,61459.45,Changed Mind
RET-00000007,TXN-       122,9/14/2023,PROD-1068,5,727.45,Size/Fit Issue
RET-00000008,TXN-       160,5/7/2021,PROD-3412,2,353.98,Damaged
RET-00000009,TXN-       192,3/22/2025,PROD-2709-DUP,1,3362.53,Defective
RET-00000010,TXN-       198,8/24/2019,PROD-4634,7,5779.06,Wrong Item
RET-00000011,TXN-       202,6/26/2018,PROD-0633,2,2580.52,Defective
RET-00000012,TXN-       215,6/2/2017,PROD-1169,5,14753.55,Not as Described
RET-00000013,TXN-       218,4/6/2021,PROD-4466,5,1730.4,Defective
RET-00000014,TXN-       229,9/24/2023,PROD-2086,2,21581.82,Changed Mind
RET-00000015,TXN-       241,7/24/2023,PROD-4795,4,6993.08,Changed Mind
RET-00000016,TXN-       242,6/18/2022,PROD-3879,5,226.75,Damaged
RET-00000017,TXN-       248,8/19/2020,PROD-2247,4,3193.08,Damaged
RET-00000018,TXN-       280,2/8/2026,PROD-3551,8,10797.12,Not as Described
RET-00000019,TXN-       308,2/5/2021,PROD-3859,2,4388.16,Not as Described
RET-00000020,TXN-       312,9/5/2019,PROD-2038,3,210.12,Changed Mind
RET-00000021,TXN-       326,9/28/2019,PROD-1890,7,1570.31,Wrong Item
RET-00000022,TXN-       337,8/2/2016,PROD-1692,5,10749.45,Wrong Item
RET-00000023,TXN-       368,4/28/2016,PROD-2283,5,42625.55,Wrong Item
